{
  "dataset_revision": "6d1962c527217f8927fca80f890f14f36b2802af",
  "evaluation_time": 35.32236862182617,
  "kg_co2_emissions": null,
  "mteb_version": "1.12.68",
  "scores": {
    "dev": [
      {
        "MAP@1(MIRACL)": 0.14612,
        "MAP@10(MIRACL)": 0.24199,
        "MAP@100(MIRACL)": 0.26327,
        "MAP@1000(MIRACL)": 0.26327,
        "MAP@20(MIRACL)": 0.25224,
        "MAP@3(MIRACL)": 0.20644,
        "MAP@5(MIRACL)": 0.22149,
        "NDCG@1(MIRACL)": 0.21206,
        "NDCG@10(MIRACL)": 0.30491,
        "NDCG@100(MIRACL)": 0.39077,
        "NDCG@1000(MIRACL)": 0.39077,
        "NDCG@20(MIRACL)": 0.33625,
        "NDCG@3(MIRACL)": 0.24617,
        "NDCG@5(MIRACL)": 0.26524,
        "P@1(MIRACL)": 0.21206,
        "P@10(MIRACL)": 0.07048,
        "P@100(MIRACL)": 0.01385,
        "P@1000(MIRACL)": 0.00138,
        "P@20(MIRACL)": 0.04522,
        "P@3(MIRACL)": 0.13791,
        "P@5(MIRACL)": 0.10229,
        "Recall@1(MIRACL)": 0.14612,
        "Recall@10(MIRACL)": 0.42723,
        "Recall@100(MIRACL)": 0.77963,
        "Recall@1000(MIRACL)": 0.77963,
        "Recall@20(MIRACL)": 0.53445,
        "Recall@3(MIRACL)": 0.26808,
        "Recall@5(MIRACL)": 0.31972,
        "hf_subset": "sw",
        "languages": [
          "swa-Latn"
        ],
        "main_score": 0.30491,
        "nAUC_MAP@1000_diff1(MIRACL)": 0.2659912360031441,
        "nAUC_MAP@1000_max(MIRACL)": 0.12164695614577074,
        "nAUC_MAP@1000_std(MIRACL)": 0.18607477605788328,
        "nAUC_MAP@100_diff1(MIRACL)": 0.2659912360031441,
        "nAUC_MAP@100_max(MIRACL)": 0.12164695614577074,
        "nAUC_MAP@100_std(MIRACL)": 0.18607477605788328,
        "nAUC_MAP@10_diff1(MIRACL)": 0.28236523802437985,
        "nAUC_MAP@10_max(MIRACL)": 0.11207530188503355,
        "nAUC_MAP@10_std(MIRACL)": 0.17557131424287978,
        "nAUC_MAP@1_diff1(MIRACL)": 0.31598953700847754,
        "nAUC_MAP@1_max(MIRACL)": 0.056025736506442145,
        "nAUC_MAP@1_std(MIRACL)": 0.09907379041604558,
        "nAUC_MAP@20_diff1(MIRACL)": 0.27261184171157604,
        "nAUC_MAP@20_max(MIRACL)": 0.11593417640422243,
        "nAUC_MAP@20_std(MIRACL)": 0.1852883822689263,
        "nAUC_MAP@3_diff1(MIRACL)": 0.27476144875112124,
        "nAUC_MAP@3_max(MIRACL)": 0.08454495359990984,
        "nAUC_MAP@3_std(MIRACL)": 0.13018470456851136,
        "nAUC_MAP@5_diff1(MIRACL)": 0.2726088578586137,
        "nAUC_MAP@5_max(MIRACL)": 0.09137103619997446,
        "nAUC_MAP@5_std(MIRACL)": 0.1496671923472379,
        "nAUC_NDCG@1000_diff1(MIRACL)": 0.22249475906066646,
        "nAUC_NDCG@1000_max(MIRACL)": 0.18670775198292872,
        "nAUC_NDCG@1000_std(MIRACL)": 0.2433394614997044,
        "nAUC_NDCG@100_diff1(MIRACL)": 0.22249475906066646,
        "nAUC_NDCG@100_max(MIRACL)": 0.18670775198292872,
        "nAUC_NDCG@100_std(MIRACL)": 0.2433394614997044,
        "nAUC_NDCG@10_diff1(MIRACL)": 0.2757807264230234,
        "nAUC_NDCG@10_max(MIRACL)": 0.14286406523106882,
        "nAUC_NDCG@10_std(MIRACL)": 0.21271648200189522,
        "nAUC_NDCG@1_diff1(MIRACL)": 0.27128389147751636,
        "nAUC_NDCG@1_max(MIRACL)": 0.10785874688473099,
        "nAUC_NDCG@1_std(MIRACL)": 0.10971343171715084,
        "nAUC_NDCG@20_diff1(MIRACL)": 0.24843694806900124,
        "nAUC_NDCG@20_max(MIRACL)": 0.1556879931381613,
        "nAUC_NDCG@20_std(MIRACL)": 0.23892823668863905,
        "nAUC_NDCG@3_diff1(MIRACL)": 0.25481067602780877,
        "nAUC_NDCG@3_max(MIRACL)": 0.10127625030741892,
        "nAUC_NDCG@3_std(MIRACL)": 0.1412314254942001,
        "nAUC_NDCG@5_diff1(MIRACL)": 0.25910961334543664,
        "nAUC_NDCG@5_max(MIRACL)": 0.1127358829371016,
        "nAUC_NDCG@5_std(MIRACL)": 0.16670920163921799,
        "nAUC_P@1000_diff1(MIRACL)": -0.06675669446310376,
        "nAUC_P@1000_max(MIRACL)": 0.2336997049352441,
        "nAUC_P@1000_std(MIRACL)": 0.1926231617244081,
        "nAUC_P@100_diff1(MIRACL)": -0.06675669446310324,
        "nAUC_P@100_max(MIRACL)": 0.23369970493524417,
        "nAUC_P@100_std(MIRACL)": 0.1926231617244084,
        "nAUC_P@10_diff1(MIRACL)": 0.15397907464201369,
        "nAUC_P@10_max(MIRACL)": 0.2229139336421682,
        "nAUC_P@10_std(MIRACL)": 0.2674477658744576,
        "nAUC_P@1_diff1(MIRACL)": 0.27128389147751636,
        "nAUC_P@1_max(MIRACL)": 0.10785874688473099,
        "nAUC_P@1_std(MIRACL)": 0.10971343171715084,
        "nAUC_P@20_diff1(MIRACL)": 0.04747626606133549,
        "nAUC_P@20_max(MIRACL)": 0.22219143351300163,
        "nAUC_P@20_std(MIRACL)": 0.28715537678442526,
        "nAUC_P@3_diff1(MIRACL)": 0.18268718364547795,
        "nAUC_P@3_max(MIRACL)": 0.15062858770178778,
        "nAUC_P@3_std(MIRACL)": 0.16823561395478542,
        "nAUC_P@5_diff1(MIRACL)": 0.1558676984569164,
        "nAUC_P@5_max(MIRACL)": 0.16660257462543013,
        "nAUC_P@5_std(MIRACL)": 0.21025466184584563,
        "nAUC_Recall@1000_diff1(MIRACL)": 0.05862737447536368,
        "nAUC_Recall@1000_max(MIRACL)": 0.4568705731903342,
        "nAUC_Recall@1000_std(MIRACL)": 0.5327871579952755,
        "nAUC_Recall@100_diff1(MIRACL)": 0.05862737447536368,
        "nAUC_Recall@100_max(MIRACL)": 0.4568705731903342,
        "nAUC_Recall@100_std(MIRACL)": 0.5327871579952755,
        "nAUC_Recall@10_diff1(MIRACL)": 0.2614937917515965,
        "nAUC_Recall@10_max(MIRACL)": 0.16857351417528837,
        "nAUC_Recall@10_std(MIRACL)": 0.29470067031606945,
        "nAUC_Recall@1_diff1(MIRACL)": 0.31598953700847754,
        "nAUC_Recall@1_max(MIRACL)": 0.056025736506442145,
        "nAUC_Recall@1_std(MIRACL)": 0.09907379041604558,
        "nAUC_Recall@20_diff1(MIRACL)": 0.18368192394623034,
        "nAUC_Recall@20_max(MIRACL)": 0.2048593946048085,
        "nAUC_Recall@20_std(MIRACL)": 0.3736171966450159,
        "nAUC_Recall@3_diff1(MIRACL)": 0.23560965296259265,
        "nAUC_Recall@3_max(MIRACL)": 0.10399218667696708,
        "nAUC_Recall@3_std(MIRACL)": 0.16075839636176253,
        "nAUC_Recall@5_diff1(MIRACL)": 0.2283725994591281,
        "nAUC_Recall@5_max(MIRACL)": 0.11818925415766691,
        "nAUC_Recall@5_std(MIRACL)": 0.1982927492329338
      }
    ]
  },
  "task_name": "MIRACLReranking"
}