{
  "dataset_revision": "6d1962c527217f8927fca80f890f14f36b2802af",
  "evaluation_time": 35.34465289115906,
  "kg_co2_emissions": null,
  "mteb_version": "1.12.68",
  "scores": {
    "dev": [
      {
        "MAP@1(MIRACL)": 0.10919,
        "MAP@10(MIRACL)": 0.21521,
        "MAP@100(MIRACL)": 0.23814,
        "MAP@1000(MIRACL)": 0.23814,
        "MAP@20(MIRACL)": 0.22888,
        "MAP@3(MIRACL)": 0.16973,
        "MAP@5(MIRACL)": 0.19179,
        "NDCG@1(MIRACL)": 0.158,
        "NDCG@10(MIRACL)": 0.28804,
        "NDCG@100(MIRACL)": 0.37118,
        "NDCG@1000(MIRACL)": 0.37118,
        "NDCG@20(MIRACL)": 0.3275,
        "NDCG@3(MIRACL)": 0.20614,
        "NDCG@5(MIRACL)": 0.23777,
        "P@1(MIRACL)": 0.158,
        "P@10(MIRACL)": 0.07422,
        "P@100(MIRACL)": 0.01385,
        "P@1000(MIRACL)": 0.00138,
        "P@20(MIRACL)": 0.04938,
        "P@3(MIRACL)": 0.12197,
        "P@5(MIRACL)": 0.10021,
        "Recall@1(MIRACL)": 0.10919,
        "Recall@10(MIRACL)": 0.45283,
        "Recall@100(MIRACL)": 0.77963,
        "Recall@1000(MIRACL)": 0.77963,
        "Recall@20(MIRACL)": 0.58712,
        "Recall@3(MIRACL)": 0.2343,
        "Recall@5(MIRACL)": 0.31408,
        "hf_subset": "sw",
        "languages": [
          "swa-Latn"
        ],
        "main_score": 0.28804,
        "nAUC_MAP@1000_diff1(MIRACL)": 0.16086718369102102,
        "nAUC_MAP@1000_max(MIRACL)": 0.1174391065003596,
        "nAUC_MAP@1000_std(MIRACL)": 0.04923106129085322,
        "nAUC_MAP@100_diff1(MIRACL)": 0.16086718369102102,
        "nAUC_MAP@100_max(MIRACL)": 0.1174391065003596,
        "nAUC_MAP@100_std(MIRACL)": 0.04923106129085322,
        "nAUC_MAP@10_diff1(MIRACL)": 0.1599411437700799,
        "nAUC_MAP@10_max(MIRACL)": 0.10459690237562318,
        "nAUC_MAP@10_std(MIRACL)": 0.03694629743565325,
        "nAUC_MAP@1_diff1(MIRACL)": 0.16869747593813916,
        "nAUC_MAP@1_max(MIRACL)": 0.04345894609594719,
        "nAUC_MAP@1_std(MIRACL)": -0.003358128154233969,
        "nAUC_MAP@20_diff1(MIRACL)": 0.16006170097991848,
        "nAUC_MAP@20_max(MIRACL)": 0.11370549619176401,
        "nAUC_MAP@20_std(MIRACL)": 0.04563763840438089,
        "nAUC_MAP@3_diff1(MIRACL)": 0.1709220015780925,
        "nAUC_MAP@3_max(MIRACL)": 0.07546754958797242,
        "nAUC_MAP@3_std(MIRACL)": 0.008493610813275028,
        "nAUC_MAP@5_diff1(MIRACL)": 0.17050620130820796,
        "nAUC_MAP@5_max(MIRACL)": 0.09309554116732002,
        "nAUC_MAP@5_std(MIRACL)": 0.023622215601247724,
        "nAUC_NDCG@1000_diff1(MIRACL)": 0.1595691658295013,
        "nAUC_NDCG@1000_max(MIRACL)": 0.16663437753608007,
        "nAUC_NDCG@1000_std(MIRACL)": 0.09629466856035869,
        "nAUC_NDCG@100_diff1(MIRACL)": 0.1595691658295013,
        "nAUC_NDCG@100_max(MIRACL)": 0.16663437753608007,
        "nAUC_NDCG@100_std(MIRACL)": 0.09629466856035869,
        "nAUC_NDCG@10_diff1(MIRACL)": 0.15243559617668126,
        "nAUC_NDCG@10_max(MIRACL)": 0.1273790776183019,
        "nAUC_NDCG@10_std(MIRACL)": 0.05126484772285654,
        "nAUC_NDCG@1_diff1(MIRACL)": 0.1591640466681373,
        "nAUC_NDCG@1_max(MIRACL)": 0.10245800201884792,
        "nAUC_NDCG@1_std(MIRACL)": 0.04046892152433116,
        "nAUC_NDCG@20_diff1(MIRACL)": 0.15436544016790615,
        "nAUC_NDCG@20_max(MIRACL)": 0.15108328275419075,
        "nAUC_NDCG@20_std(MIRACL)": 0.08045834292322342,
        "nAUC_NDCG@3_diff1(MIRACL)": 0.16421150618022404,
        "nAUC_NDCG@3_max(MIRACL)": 0.08341906960443382,
        "nAUC_NDCG@3_std(MIRACL)": 0.012167168470961573,
        "nAUC_NDCG@5_diff1(MIRACL)": 0.16768340471304272,
        "nAUC_NDCG@5_max(MIRACL)": 0.10973829504671756,
        "nAUC_NDCG@5_std(MIRACL)": 0.033607101906970485,
        "nAUC_P@1000_diff1(MIRACL)": 0.052336686531188115,
        "nAUC_P@1000_max(MIRACL)": 0.18283333326790543,
        "nAUC_P@1000_std(MIRACL)": 0.12327284910185446,
        "nAUC_P@100_diff1(MIRACL)": 0.05233668653118807,
        "nAUC_P@100_max(MIRACL)": 0.18283333326790532,
        "nAUC_P@100_std(MIRACL)": 0.12327284910185461,
        "nAUC_P@10_diff1(MIRACL)": 0.08841847247608278,
        "nAUC_P@10_max(MIRACL)": 0.177749053969865,
        "nAUC_P@10_std(MIRACL)": 0.101541380558823,
        "nAUC_P@1_diff1(MIRACL)": 0.1591640466681373,
        "nAUC_P@1_max(MIRACL)": 0.10245800201884792,
        "nAUC_P@1_std(MIRACL)": 0.04046892152433116,
        "nAUC_P@20_diff1(MIRACL)": 0.07741190525437183,
        "nAUC_P@20_max(MIRACL)": 0.20157756174605618,
        "nAUC_P@20_std(MIRACL)": 0.12494093997280574,
        "nAUC_P@3_diff1(MIRACL)": 0.15047910814347312,
        "nAUC_P@3_max(MIRACL)": 0.12723474954605418,
        "nAUC_P@3_std(MIRACL)": 0.036707570019398617,
        "nAUC_P@5_diff1(MIRACL)": 0.12863580615030085,
        "nAUC_P@5_max(MIRACL)": 0.16258205875262172,
        "nAUC_P@5_std(MIRACL)": 0.08395609869941613,
        "nAUC_Recall@1000_diff1(MIRACL)": 0.16101116415642813,
        "nAUC_Recall@1000_max(MIRACL)": 0.336627648243268,
        "nAUC_Recall@1000_std(MIRACL)": 0.2977278145053936,
        "nAUC_Recall@100_diff1(MIRACL)": 0.16101116415642813,
        "nAUC_Recall@100_max(MIRACL)": 0.336627648243268,
        "nAUC_Recall@100_std(MIRACL)": 0.2977278145053936,
        "nAUC_Recall@10_diff1(MIRACL)": 0.11353827052829368,
        "nAUC_Recall@10_max(MIRACL)": 0.14112937244300516,
        "nAUC_Recall@10_std(MIRACL)": 0.07130837620484137,
        "nAUC_Recall@1_diff1(MIRACL)": 0.16869747593813916,
        "nAUC_Recall@1_max(MIRACL)": 0.04345894609594719,
        "nAUC_Recall@1_std(MIRACL)": -0.003358128154233969,
        "nAUC_Recall@20_diff1(MIRACL)": 0.11623564580222844,
        "nAUC_Recall@20_max(MIRACL)": 0.21037295915941168,
        "nAUC_Recall@20_std(MIRACL)": 0.17089163891634818,
        "nAUC_Recall@3_diff1(MIRACL)": 0.14884081718591208,
        "nAUC_Recall@3_max(MIRACL)": 0.06676496848409054,
        "nAUC_Recall@3_std(MIRACL)": 0.005242196036251314,
        "nAUC_Recall@5_diff1(MIRACL)": 0.15097151734082628,
        "nAUC_Recall@5_max(MIRACL)": 0.11378567615136438,
        "nAUC_Recall@5_std(MIRACL)": 0.039086929627190806
      }
    ]
  },
  "task_name": "MIRACLReranking"
}