{
  "dataset_revision": "6d1962c527217f8927fca80f890f14f36b2802af",
  "evaluation_time": 52.447200536727905,
  "kg_co2_emissions": null,
  "mteb_version": "1.12.68",
  "scores": {
    "dev": [
      {
        "MAP@1(MIRACL)": 0.10892,
        "MAP@10(MIRACL)": 0.19287,
        "MAP@100(MIRACL)": 0.2181,
        "MAP@1000(MIRACL)": 0.2181,
        "MAP@20(MIRACL)": 0.20805,
        "MAP@3(MIRACL)": 0.1511,
        "MAP@5(MIRACL)": 0.17229,
        "NDCG@1(MIRACL)": 0.16008,
        "NDCG@10(MIRACL)": 0.25579,
        "NDCG@100(MIRACL)": 0.35328,
        "NDCG@1000(MIRACL)": 0.35328,
        "NDCG@20(MIRACL)": 0.30073,
        "NDCG@3(MIRACL)": 0.18169,
        "NDCG@5(MIRACL)": 0.21198,
        "P@1(MIRACL)": 0.16008,
        "P@10(MIRACL)": 0.06279,
        "P@100(MIRACL)": 0.01385,
        "P@1000(MIRACL)": 0.00138,
        "P@20(MIRACL)": 0.04543,
        "P@3(MIRACL)": 0.10187,
        "P@5(MIRACL)": 0.08607,
        "Recall@1(MIRACL)": 0.10892,
        "Recall@10(MIRACL)": 0.38909,
        "Recall@100(MIRACL)": 0.77963,
        "Recall@1000(MIRACL)": 0.77963,
        "Recall@20(MIRACL)": 0.54002,
        "Recall@3(MIRACL)": 0.19541,
        "Recall@5(MIRACL)": 0.26877,
        "hf_subset": "sw",
        "languages": [
          "swa-Latn"
        ],
        "main_score": 0.25579,
        "nAUC_MAP@1000_diff1(MIRACL)": 0.1969070769274371,
        "nAUC_MAP@1000_max(MIRACL)": 0.020668723110732576,
        "nAUC_MAP@1000_std(MIRACL)": 0.016807761538441417,
        "nAUC_MAP@100_diff1(MIRACL)": 0.1969070769274371,
        "nAUC_MAP@100_max(MIRACL)": 0.020668723110732576,
        "nAUC_MAP@100_std(MIRACL)": 0.016807761538441417,
        "nAUC_MAP@10_diff1(MIRACL)": 0.19732460447528158,
        "nAUC_MAP@10_max(MIRACL)": 0.013904137134611881,
        "nAUC_MAP@10_std(MIRACL)": 0.017399252234585424,
        "nAUC_MAP@1_diff1(MIRACL)": 0.29555859371502613,
        "nAUC_MAP@1_max(MIRACL)": 0.004328447437814085,
        "nAUC_MAP@1_std(MIRACL)": -0.019898268882282005,
        "nAUC_MAP@20_diff1(MIRACL)": 0.2014376215899765,
        "nAUC_MAP@20_max(MIRACL)": 0.011287963453460236,
        "nAUC_MAP@20_std(MIRACL)": 0.019528893657057657,
        "nAUC_MAP@3_diff1(MIRACL)": 0.23124515090006695,
        "nAUC_MAP@3_max(MIRACL)": 0.007565497389486756,
        "nAUC_MAP@3_std(MIRACL)": 0.0053165160945157,
        "nAUC_MAP@5_diff1(MIRACL)": 0.20618353704766124,
        "nAUC_MAP@5_max(MIRACL)": 0.0051957471189293305,
        "nAUC_MAP@5_std(MIRACL)": 0.02097238308053976,
        "nAUC_NDCG@1000_diff1(MIRACL)": 0.14817066801090095,
        "nAUC_NDCG@1000_max(MIRACL)": 0.060886844799074975,
        "nAUC_NDCG@1000_std(MIRACL)": 0.0036373150655937157,
        "nAUC_NDCG@100_diff1(MIRACL)": 0.14817066801090095,
        "nAUC_NDCG@100_max(MIRACL)": 0.060886844799074975,
        "nAUC_NDCG@100_std(MIRACL)": 0.0036373150655937157,
        "nAUC_NDCG@10_diff1(MIRACL)": 0.16356898964575603,
        "nAUC_NDCG@10_max(MIRACL)": 0.026659991683938396,
        "nAUC_NDCG@10_std(MIRACL)": 0.0276197102858286,
        "nAUC_NDCG@1_diff1(MIRACL)": 0.2714995318781908,
        "nAUC_NDCG@1_max(MIRACL)": 0.019943449238880473,
        "nAUC_NDCG@1_std(MIRACL)": -0.007629209541751277,
        "nAUC_NDCG@20_diff1(MIRACL)": 0.17324792265825262,
        "nAUC_NDCG@20_max(MIRACL)": 0.02018452105865692,
        "nAUC_NDCG@20_std(MIRACL)": 0.028542682577010772,
        "nAUC_NDCG@3_diff1(MIRACL)": 0.2101842528430895,
        "nAUC_NDCG@3_max(MIRACL)": 0.01589465960221842,
        "nAUC_NDCG@3_std(MIRACL)": 0.008871895359336603,
        "nAUC_NDCG@5_diff1(MIRACL)": 0.1770212808367127,
        "nAUC_NDCG@5_max(MIRACL)": 0.012550964944133913,
        "nAUC_NDCG@5_std(MIRACL)": 0.030087151052085613,
        "nAUC_P@1000_diff1(MIRACL)": -0.012747922473038008,
        "nAUC_P@1000_max(MIRACL)": 0.16092874110610741,
        "nAUC_P@1000_std(MIRACL)": -0.050713365091813435,
        "nAUC_P@100_diff1(MIRACL)": -0.01274792247303764,
        "nAUC_P@100_max(MIRACL)": 0.16092874110610755,
        "nAUC_P@100_std(MIRACL)": -0.050713365091812984,
        "nAUC_P@10_diff1(MIRACL)": 0.05986497770968706,
        "nAUC_P@10_max(MIRACL)": 0.06568190528373555,
        "nAUC_P@10_std(MIRACL)": 0.01320346291549052,
        "nAUC_P@1_diff1(MIRACL)": 0.2714995318781908,
        "nAUC_P@1_max(MIRACL)": 0.019943449238880473,
        "nAUC_P@1_std(MIRACL)": -0.007629209541751277,
        "nAUC_P@20_diff1(MIRACL)": 0.06918088855178582,
        "nAUC_P@20_max(MIRACL)": 0.06705055933168781,
        "nAUC_P@20_std(MIRACL)": 0.028241097675948908,
        "nAUC_P@3_diff1(MIRACL)": 0.14676079439799433,
        "nAUC_P@3_max(MIRACL)": 0.025097653206499565,
        "nAUC_P@3_std(MIRACL)": 0.008287457788521366,
        "nAUC_P@5_diff1(MIRACL)": 0.09211431612031963,
        "nAUC_P@5_max(MIRACL)": 0.043611661113969656,
        "nAUC_P@5_std(MIRACL)": 0.035417878541766486,
        "nAUC_Recall@1000_diff1(MIRACL)": -0.0542248486943953,
        "nAUC_Recall@1000_max(MIRACL)": 0.1967121637483072,
        "nAUC_Recall@1000_std(MIRACL)": -0.10711268545508461,
        "nAUC_Recall@100_diff1(MIRACL)": -0.0542248486943953,
        "nAUC_Recall@100_max(MIRACL)": 0.1967121637483072,
        "nAUC_Recall@100_std(MIRACL)": -0.10711268545508461,
        "nAUC_Recall@10_diff1(MIRACL)": 0.08649192619672394,
        "nAUC_Recall@10_max(MIRACL)": 0.033690413350701144,
        "nAUC_Recall@10_std(MIRACL)": 0.05160354167325477,
        "nAUC_Recall@1_diff1(MIRACL)": 0.29555859371502613,
        "nAUC_Recall@1_max(MIRACL)": 0.004328447437814085,
        "nAUC_Recall@1_std(MIRACL)": -0.019898268882282005,
        "nAUC_Recall@20_diff1(MIRACL)": 0.11303413212577725,
        "nAUC_Recall@20_max(MIRACL)": 0.00349619802078786,
        "nAUC_Recall@20_std(MIRACL)": 0.04578542442318684,
        "nAUC_Recall@3_diff1(MIRACL)": 0.17274278069421806,
        "nAUC_Recall@3_max(MIRACL)": 0.007135216714638877,
        "nAUC_Recall@3_std(MIRACL)": 0.01521070898335425,
        "nAUC_Recall@5_diff1(MIRACL)": 0.1123369278925994,
        "nAUC_Recall@5_max(MIRACL)": 0.008029747177755378,
        "nAUC_Recall@5_std(MIRACL)": 0.054909339577070386
      }
    ]
  },
  "task_name": "MIRACLReranking"
}