{
  "dataset_revision": "main",
  "evaluation_time": 76.47930216789246,
  "kg_co2_emissions": null,
  "mteb_version": "1.12.68",
  "scores": {
    "dev": [
      {
        "hf_subset": "sw",
        "languages": [
          "swa-Latn"
        ],
        "main_score": 0.22281,
        "map_at_1": 0.11039,
        "map_at_10": 0.17478,
        "map_at_100": 0.18443,
        "map_at_1000": 0.18549,
        "map_at_20": 0.18017,
        "map_at_3": 0.15415,
        "map_at_5": 0.16457,
        "mrr_at_1": 0.16390041493775934,
        "mrr_at_10": 0.2366643614568925,
        "mrr_at_100": 0.24441517333535673,
        "mrr_at_1000": 0.24505983718022253,
        "mrr_at_20": 0.2409825734499276,
        "mrr_at_3": 0.21473029045643144,
        "mrr_at_5": 0.22655601659751032,
        "nauc_map_at_1000_diff1": 0.2730707211441102,
        "nauc_map_at_1000_max": 0.0030226368935386077,
        "nauc_map_at_1000_std": 0.06581122022485147,
        "nauc_map_at_100_diff1": 0.2737711643756535,
        "nauc_map_at_100_max": 0.002398972719466598,
        "nauc_map_at_100_std": 0.06462159915109156,
        "nauc_map_at_10_diff1": 0.26767525555913907,
        "nauc_map_at_10_max": -0.007816831117954429,
        "nauc_map_at_10_std": 0.05070291240967827,
        "nauc_map_at_1_diff1": 0.3200803192885915,
        "nauc_map_at_1_max": -0.029832483423878012,
        "nauc_map_at_1_std": 0.02379244962754689,
        "nauc_map_at_20_diff1": 0.2719803405925769,
        "nauc_map_at_20_max": -0.0030608782767565343,
        "nauc_map_at_20_std": 0.056996956660283093,
        "nauc_map_at_3_diff1": 0.26847599312043524,
        "nauc_map_at_3_max": -0.026927599234980545,
        "nauc_map_at_3_std": 0.027761389086296516,
        "nauc_map_at_5_diff1": 0.27040524756229367,
        "nauc_map_at_5_max": -0.017905676802956225,
        "nauc_map_at_5_std": 0.03331568163593209,
        "nauc_mrr_at_1000_diff1": 0.28535552015303123,
        "nauc_mrr_at_1000_max": 0.08226776996479294,
        "nauc_mrr_at_1000_std": 0.11444800134211205,
        "nauc_mrr_at_100_diff1": 0.2855677186324725,
        "nauc_mrr_at_100_max": 0.08227588264308223,
        "nauc_mrr_at_100_std": 0.11421069849679802,
        "nauc_mrr_at_10_diff1": 0.28627276972411086,
        "nauc_mrr_at_10_max": 0.07955132590113499,
        "nauc_mrr_at_10_std": 0.11038009017679704,
        "nauc_mrr_at_1_diff1": 0.3203896168354336,
        "nauc_mrr_at_1_max": 0.07025528731712435,
        "nauc_mrr_at_1_std": 0.09363296834095283,
        "nauc_mrr_at_20_diff1": 0.2852298626781105,
        "nauc_mrr_at_20_max": 0.08040051553496745,
        "nauc_mrr_at_20_std": 0.11187704449770904,
        "nauc_mrr_at_3_diff1": 0.28329444670298354,
        "nauc_mrr_at_3_max": 0.06311554422035265,
        "nauc_mrr_at_3_std": 0.08952800213925693,
        "nauc_mrr_at_5_diff1": 0.2888777467182262,
        "nauc_mrr_at_5_max": 0.07395598061753782,
        "nauc_mrr_at_5_std": 0.09336415527587161,
        "nauc_ndcg_at_1000_diff1": 0.2570285910480096,
        "nauc_ndcg_at_1000_max": 0.06174946738510489,
        "nauc_ndcg_at_1000_std": 0.1486066400808577,
        "nauc_ndcg_at_100_diff1": 0.2698839020509574,
        "nauc_ndcg_at_100_max": 0.05746490568676216,
        "nauc_ndcg_at_100_std": 0.13583773229468765,
        "nauc_ndcg_at_10_diff1": 0.2593912649462939,
        "nauc_ndcg_at_10_max": 0.02761415364237627,
        "nauc_ndcg_at_10_std": 0.08782313678334697,
        "nauc_ndcg_at_1_diff1": 0.3203896168354336,
        "nauc_ndcg_at_1_max": 0.07025528731712435,
        "nauc_ndcg_at_1_std": 0.09363296834095283,
        "nauc_ndcg_at_20_diff1": 0.26629287515408406,
        "nauc_ndcg_at_20_max": 0.036722555271474215,
        "nauc_ndcg_at_20_std": 0.10083244709207281,
        "nauc_ndcg_at_3_diff1": 0.2589891496818634,
        "nauc_ndcg_at_3_max": -0.0009835328365388957,
        "nauc_ndcg_at_3_std": 0.04626126000295131,
        "nauc_ndcg_at_5_diff1": 0.2645205628642042,
        "nauc_ndcg_at_5_max": 0.010357371413793537,
        "nauc_ndcg_at_5_std": 0.05024595966959658,
        "nauc_precision_at_1000_diff1": 0.05003426956093715,
        "nauc_precision_at_1000_max": 0.2361931896982519,
        "nauc_precision_at_1000_std": 0.3270898545299099,
        "nauc_precision_at_100_diff1": 0.17791650978786694,
        "nauc_precision_at_100_max": 0.21259173866173145,
        "nauc_precision_at_100_std": 0.3065492419583354,
        "nauc_precision_at_10_diff1": 0.2186709442882336,
        "nauc_precision_at_10_max": 0.13772294790447057,
        "nauc_precision_at_10_std": 0.20638409204292302,
        "nauc_precision_at_1_diff1": 0.3203896168354336,
        "nauc_precision_at_1_max": 0.07025528731712435,
        "nauc_precision_at_1_std": 0.09363296834095283,
        "nauc_precision_at_20_diff1": 0.21517471247742712,
        "nauc_precision_at_20_max": 0.15094026587470968,
        "nauc_precision_at_20_std": 0.21548978992972134,
        "nauc_precision_at_3_diff1": 0.22052059904640983,
        "nauc_precision_at_3_max": 0.0631914945328891,
        "nauc_precision_at_3_std": 0.10672227507052208,
        "nauc_precision_at_5_diff1": 0.24456724535890523,
        "nauc_precision_at_5_max": 0.10055392809018152,
        "nauc_precision_at_5_std": 0.12419344020417462,
        "nauc_recall_at_1000_diff1": 0.12893176939794077,
        "nauc_recall_at_1000_max": 0.108482483167488,
        "nauc_recall_at_1000_std": 0.3290801593047139,
        "nauc_recall_at_100_diff1": 0.21833502530450913,
        "nauc_recall_at_100_max": 0.10969930012078967,
        "nauc_recall_at_100_std": 0.26032673301654136,
        "nauc_recall_at_10_diff1": 0.2018974079463089,
        "nauc_recall_at_10_max": 0.03423877390735638,
        "nauc_recall_at_10_std": 0.11552199466395253,
        "nauc_recall_at_1_diff1": 0.3200803192885915,
        "nauc_recall_at_1_max": -0.029832483423878012,
        "nauc_recall_at_1_std": 0.02379244962754689,
        "nauc_recall_at_20_diff1": 0.2174237625449601,
        "nauc_recall_at_20_max": 0.05419161495905938,
        "nauc_recall_at_20_std": 0.1471172133604013,
        "nauc_recall_at_3_diff1": 0.22233054439595595,
        "nauc_recall_at_3_max": -0.025348455462437317,
        "nauc_recall_at_3_std": 0.02136159073678348,
        "nauc_recall_at_5_diff1": 0.22145212508145815,
        "nauc_recall_at_5_max": 0.004680455049992426,
        "nauc_recall_at_5_std": 0.034733632528988714,
        "ndcg_at_1": 0.1639,
        "ndcg_at_10": 0.22281,
        "ndcg_at_100": 0.267,
        "ndcg_at_1000": 0.2926,
        "ndcg_at_20": 0.23943,
        "ndcg_at_3": 0.18601,
        "ndcg_at_5": 0.2002,
        "precision_at_1": 0.1639,
        "precision_at_10": 0.04959,
        "precision_at_100": 0.00863,
        "precision_at_1000": 0.00122,
        "precision_at_20": 0.03029,
        "precision_at_3": 0.10581,
        "precision_at_5": 0.07718,
        "recall_at_1": 0.11039,
        "recall_at_10": 0.30515,
        "recall_at_100": 0.48534,
        "recall_at_1000": 0.65769,
        "recall_at_20": 0.35888,
        "recall_at_3": 0.20316,
        "recall_at_5": 0.24317
      }
    ]
  },
  "task_name": "MIRACLRetrieval"
}