{
  "dataset_revision": "6d1962c527217f8927fca80f890f14f36b2802af",
  "evaluation_time": 52.42700672149658,
  "kg_co2_emissions": null,
  "mteb_version": "1.12.68",
  "scores": {
    "dev": [
      {
        "MAP@1(MIRACL)": 0.00641,
        "MAP@10(MIRACL)": 0.02041,
        "MAP@100(MIRACL)": 0.04303,
        "MAP@1000(MIRACL)": 0.04303,
        "MAP@20(MIRACL)": 0.02582,
        "MAP@3(MIRACL)": 0.01305,
        "MAP@5(MIRACL)": 0.01436,
        "NDCG@1(MIRACL)": 0.01247,
        "NDCG@10(MIRACL)": 0.03615,
        "NDCG@100(MIRACL)": 0.18395,
        "NDCG@1000(MIRACL)": 0.18395,
        "NDCG@20(MIRACL)": 0.05675,
        "NDCG@3(MIRACL)": 0.01803,
        "NDCG@5(MIRACL)": 0.02044,
        "P@1(MIRACL)": 0.01247,
        "P@10(MIRACL)": 0.01081,
        "P@100(MIRACL)": 0.01385,
        "P@1000(MIRACL)": 0.00138,
        "P@20(MIRACL)": 0.01102,
        "P@3(MIRACL)": 0.01178,
        "P@5(MIRACL)": 0.00915,
        "Recall@1(MIRACL)": 0.00641,
        "Recall@10(MIRACL)": 0.0755,
        "Recall@100(MIRACL)": 0.77963,
        "Recall@1000(MIRACL)": 0.77963,
        "Recall@20(MIRACL)": 0.14979,
        "Recall@3(MIRACL)": 0.02363,
        "Recall@5(MIRACL)": 0.02994,
        "hf_subset": "sw",
        "languages": [
          "swa-Latn"
        ],
        "main_score": 0.03615,
        "nAUC_MAP@1000_diff1(MIRACL)": -0.03460014591881533,
        "nAUC_MAP@1000_max(MIRACL)": -0.054104517363740015,
        "nAUC_MAP@1000_std(MIRACL)": 0.0820915585903552,
        "nAUC_MAP@100_diff1(MIRACL)": -0.03460014591881533,
        "nAUC_MAP@100_max(MIRACL)": -0.054104517363740015,
        "nAUC_MAP@100_std(MIRACL)": 0.0820915585903552,
        "nAUC_MAP@10_diff1(MIRACL)": -0.06796383989812214,
        "nAUC_MAP@10_max(MIRACL)": -0.09212917764899217,
        "nAUC_MAP@10_std(MIRACL)": 0.08694054860150022,
        "nAUC_MAP@1_diff1(MIRACL)": -0.04917384674089472,
        "nAUC_MAP@1_max(MIRACL)": -0.09071266359748963,
        "nAUC_MAP@1_std(MIRACL)": 0.07324611340422933,
        "nAUC_MAP@20_diff1(MIRACL)": -0.07816450013367679,
        "nAUC_MAP@20_max(MIRACL)": -0.07259492083274773,
        "nAUC_MAP@20_std(MIRACL)": 0.0863023467237339,
        "nAUC_MAP@3_diff1(MIRACL)": -0.06879646477970713,
        "nAUC_MAP@3_max(MIRACL)": -0.16246636588361904,
        "nAUC_MAP@3_std(MIRACL)": 0.09477668428765056,
        "nAUC_MAP@5_diff1(MIRACL)": -0.08143137508145362,
        "nAUC_MAP@5_max(MIRACL)": -0.14447936425925065,
        "nAUC_MAP@5_std(MIRACL)": 0.11913756925557419,
        "nAUC_NDCG@1000_diff1(MIRACL)": 0.05615310501666306,
        "nAUC_NDCG@1000_max(MIRACL)": 0.0019363691691838237,
        "nAUC_NDCG@1000_std(MIRACL)": 0.05899956591617896,
        "nAUC_NDCG@100_diff1(MIRACL)": 0.05615310501666306,
        "nAUC_NDCG@100_max(MIRACL)": 0.0019363691691838237,
        "nAUC_NDCG@100_std(MIRACL)": 0.05899956591617896,
        "nAUC_NDCG@10_diff1(MIRACL)": -0.06042378665330835,
        "nAUC_NDCG@10_max(MIRACL)": -0.05683651567337857,
        "nAUC_NDCG@10_std(MIRACL)": 0.07944436341233517,
        "nAUC_NDCG@1_diff1(MIRACL)": -0.04928271784648248,
        "nAUC_NDCG@1_max(MIRACL)": -0.07636708258622173,
        "nAUC_NDCG@1_std(MIRACL)": 0.0475029498876801,
        "nAUC_NDCG@20_diff1(MIRACL)": -0.06535860684850381,
        "nAUC_NDCG@20_max(MIRACL)": -0.022301141578078415,
        "nAUC_NDCG@20_std(MIRACL)": 0.07826108960410517,
        "nAUC_NDCG@3_diff1(MIRACL)": -0.05043230122899776,
        "nAUC_NDCG@3_max(MIRACL)": -0.1462661551465108,
        "nAUC_NDCG@3_std(MIRACL)": 0.09329610158056126,
        "nAUC_NDCG@5_diff1(MIRACL)": -0.07293819168261026,
        "nAUC_NDCG@5_max(MIRACL)": -0.12977956025307283,
        "nAUC_NDCG@5_std(MIRACL)": 0.1329052813880109,
        "nAUC_P@1000_diff1(MIRACL)": 0.12052815042638637,
        "nAUC_P@1000_max(MIRACL)": 0.03987077156762083,
        "nAUC_P@1000_std(MIRACL)": 0.048903351947165226,
        "nAUC_P@100_diff1(MIRACL)": 0.12052815042638637,
        "nAUC_P@100_max(MIRACL)": 0.03987077156762095,
        "nAUC_P@100_std(MIRACL)": 0.04890335194716585,
        "nAUC_P@10_diff1(MIRACL)": -0.07157444963110984,
        "nAUC_P@10_max(MIRACL)": -0.03105612241407339,
        "nAUC_P@10_std(MIRACL)": 0.10997796355268277,
        "nAUC_P@1_diff1(MIRACL)": -0.04928271784648248,
        "nAUC_P@1_max(MIRACL)": -0.07636708258622173,
        "nAUC_P@1_std(MIRACL)": 0.0475029498876801,
        "nAUC_P@20_diff1(MIRACL)": -0.05818577246691884,
        "nAUC_P@20_max(MIRACL)": 0.014546454493375407,
        "nAUC_P@20_std(MIRACL)": 0.08784224951580001,
        "nAUC_P@3_diff1(MIRACL)": -0.00839699467726413,
        "nAUC_P@3_max(MIRACL)": -0.1074284545531033,
        "nAUC_P@3_std(MIRACL)": 0.0962527654079539,
        "nAUC_P@5_diff1(MIRACL)": -0.05513226685316491,
        "nAUC_P@5_max(MIRACL)": -0.10420839958965551,
        "nAUC_P@5_std(MIRACL)": 0.1699919312026773,
        "nAUC_Recall@1000_diff1(MIRACL)": 0.16059642748414127,
        "nAUC_Recall@1000_max(MIRACL)": 0.03316921120930318,
        "nAUC_Recall@1000_std(MIRACL)": -0.009222226249857478,
        "nAUC_Recall@100_diff1(MIRACL)": 0.16059642748414127,
        "nAUC_Recall@100_max(MIRACL)": 0.03316921120930318,
        "nAUC_Recall@100_std(MIRACL)": -0.009222226249857478,
        "nAUC_Recall@10_diff1(MIRACL)": -0.05196586398156673,
        "nAUC_Recall@10_max(MIRACL)": -0.022815973232990908,
        "nAUC_Recall@10_std(MIRACL)": 0.05180425311258416,
        "nAUC_Recall@1_diff1(MIRACL)": -0.04917384674089472,
        "nAUC_Recall@1_max(MIRACL)": -0.09071266359748963,
        "nAUC_Recall@1_std(MIRACL)": 0.07324611340422933,
        "nAUC_Recall@20_diff1(MIRACL)": -0.06046580610727867,
        "nAUC_Recall@20_max(MIRACL)": 0.007182725737854103,
        "nAUC_Recall@20_std(MIRACL)": 0.06104473625110409,
        "nAUC_Recall@3_diff1(MIRACL)": -0.04880685819681332,
        "nAUC_Recall@3_max(MIRACL)": -0.17235986872305528,
        "nAUC_Recall@3_std(MIRACL)": 0.09504753821613904,
        "nAUC_Recall@5_diff1(MIRACL)": -0.0925957656379627,
        "nAUC_Recall@5_max(MIRACL)": -0.12940199164109245,
        "nAUC_Recall@5_std(MIRACL)": 0.14555365322853506
      }
    ]
  },
  "task_name": "MIRACLReranking"
}