{
  "dataset_revision": "main",
  "evaluation_time": 117.9907615184784,
  "kg_co2_emissions": null,
  "mteb_version": "1.12.68",
  "scores": {
    "dev": [
      {
        "hf_subset": "sw",
        "languages": [
          "swa-Latn"
        ],
        "main_score": 0.00117,
        "map_at_1": 0.0,
        "map_at_10": 0.00049,
        "map_at_100": 0.00067,
        "map_at_1000": 0.00071,
        "map_at_20": 0.00063,
        "map_at_3": 0.0,
        "map_at_5": 0.00026,
        "mrr_at_1": 0.0,
        "mrr_at_10": 0.0007491931765790686,
        "mrr_at_100": 0.0010387851544490549,
        "mrr_at_1000": 0.0011355968668389303,
        "mrr_at_20": 0.0008875057630244352,
        "mrr_at_3": 0.0,
        "mrr_at_5": 0.0005186721991701245,
        "nauc_map_at_1000_diff1": -0.023759318593993883,
        "nauc_map_at_1000_max": -0.32426151111707685,
        "nauc_map_at_1000_std": -0.14471676770239758,
        "nauc_map_at_100_diff1": -0.018127777623649973,
        "nauc_map_at_100_max": -0.32642775757154147,
        "nauc_map_at_100_std": -0.14530189297012097,
        "nauc_map_at_10_diff1": -0.3036672622015725,
        "nauc_map_at_10_max": -0.4892483769675712,
        "nauc_map_at_10_std": -0.06761159851383719,
        "nauc_map_at_1_diff1": NaN,
        "nauc_map_at_1_max": NaN,
        "nauc_map_at_1_std": NaN,
        "nauc_map_at_20_diff1": -0.01662125951498746,
        "nauc_map_at_20_max": -0.3599106095735903,
        "nauc_map_at_20_std": -0.14395438022144483,
        "nauc_map_at_3_diff1": NaN,
        "nauc_map_at_3_max": NaN,
        "nauc_map_at_3_std": NaN,
        "nauc_map_at_5_diff1": -0.2052958815488464,
        "nauc_map_at_5_max": -0.4143350654358891,
        "nauc_map_at_5_std": -0.4143350654358891,
        "nauc_mrr_at_1000_diff1": -0.07796228921953921,
        "nauc_mrr_at_1000_max": -0.26720969826843816,
        "nauc_mrr_at_1000_std": -0.20924953541081426,
        "nauc_mrr_at_100_diff1": -0.08267011974564195,
        "nauc_mrr_at_100_max": -0.2637259576937038,
        "nauc_mrr_at_100_std": -0.22585655256101658,
        "nauc_mrr_at_10_diff1": -0.2696156304371672,
        "nauc_mrr_at_10_max": -0.4633168460527581,
        "nauc_mrr_at_10_std": -0.1876312601407013,
        "nauc_mrr_at_1_diff1": NaN,
        "nauc_mrr_at_1_max": NaN,
        "nauc_mrr_at_1_std": NaN,
        "nauc_mrr_at_20_diff1": -0.0717534542651411,
        "nauc_mrr_at_20_max": -0.37581385966322295,
        "nauc_mrr_at_20_std": -0.2229617233035876,
        "nauc_mrr_at_3_diff1": NaN,
        "nauc_mrr_at_3_max": NaN,
        "nauc_mrr_at_3_std": NaN,
        "nauc_mrr_at_5_diff1": -0.2052958815488464,
        "nauc_mrr_at_5_max": -0.4143350654358891,
        "nauc_mrr_at_5_std": -0.4143350654358891,
        "nauc_ndcg_at_1000_diff1": 0.010196937243466066,
        "nauc_ndcg_at_1000_max": -0.2206969183269254,
        "nauc_ndcg_at_1000_std": -0.11584459202039732,
        "nauc_ndcg_at_100_diff1": 0.06588533377045122,
        "nauc_ndcg_at_100_max": -0.22731445789359395,
        "nauc_ndcg_at_100_std": -0.1459604576431412,
        "nauc_ndcg_at_10_diff1": -0.3166518790090519,
        "nauc_ndcg_at_10_max": -0.4991366253337514,
        "nauc_ndcg_at_10_std": -0.021845529904543002,
        "nauc_ndcg_at_1_diff1": NaN,
        "nauc_ndcg_at_1_max": NaN,
        "nauc_ndcg_at_1_std": NaN,
        "nauc_ndcg_at_20_diff1": 0.08718044790686848,
        "nauc_ndcg_at_20_max": -0.315938657531809,
        "nauc_ndcg_at_20_std": -0.142226600216814,
        "nauc_ndcg_at_3_diff1": NaN,
        "nauc_ndcg_at_3_max": NaN,
        "nauc_ndcg_at_3_std": NaN,
        "nauc_ndcg_at_5_diff1": -0.20529588154884656,
        "nauc_ndcg_at_5_max": -0.4143350654358892,
        "nauc_ndcg_at_5_std": -0.4143350654358892,
        "nauc_precision_at_1000_diff1": -0.030079505222411193,
        "nauc_precision_at_1000_max": -0.19585197430909346,
        "nauc_precision_at_1000_std": -0.05080094449364683,
        "nauc_precision_at_100_diff1": 0.04084633066079023,
        "nauc_precision_at_100_max": -0.06080706667314681,
        "nauc_precision_at_100_std": -0.18132937612726666,
        "nauc_precision_at_10_diff1": -0.3098154734923678,
        "nauc_precision_at_10_max": -0.49393045893830123,
        "nauc_precision_at_10_std": -0.04594138183120905,
        "nauc_precision_at_1_diff1": NaN,
        "nauc_precision_at_1_max": NaN,
        "nauc_precision_at_1_std": NaN,
        "nauc_precision_at_20_diff1": 0.12678968433842142,
        "nauc_precision_at_20_max": -0.29656675597661475,
        "nauc_precision_at_20_std": -0.16873927636610223,
        "nauc_precision_at_3_diff1": NaN,
        "nauc_precision_at_3_max": NaN,
        "nauc_precision_at_3_std": NaN,
        "nauc_precision_at_5_diff1": -0.20529588154884656,
        "nauc_precision_at_5_max": -0.41433506543588916,
        "nauc_precision_at_5_std": -0.41433506543588916,
        "nauc_recall_at_1000_diff1": 0.029920123215656173,
        "nauc_recall_at_1000_max": -0.17947369183445658,
        "nauc_recall_at_1000_std": -0.12164139736670546,
        "nauc_recall_at_100_diff1": 0.16179664420347956,
        "nauc_recall_at_100_max": -0.20460805176610855,
        "nauc_recall_at_100_std": -0.120675171437934,
        "nauc_recall_at_10_diff1": -0.3446553374735415,
        "nauc_recall_at_10_max": -0.5204622567724387,
        "nauc_recall_at_10_std": 0.07685651270368447,
        "nauc_recall_at_1_diff1": NaN,
        "nauc_recall_at_1_max": NaN,
        "nauc_recall_at_1_std": NaN,
        "nauc_recall_at_20_diff1": 0.19320679751587508,
        "nauc_recall_at_20_max": -0.2730130940847599,
        "nauc_recall_at_20_std": -0.11962011855214497,
        "nauc_recall_at_3_diff1": NaN,
        "nauc_recall_at_3_max": NaN,
        "nauc_recall_at_3_std": NaN,
        "nauc_recall_at_5_diff1": -0.2052958815488464,
        "nauc_recall_at_5_max": -0.4143350654358891,
        "nauc_recall_at_5_std": -0.4143350654358891,
        "ndcg_at_1": 0.0,
        "ndcg_at_10": 0.00117,
        "ndcg_at_100": 0.00204,
        "ndcg_at_1000": 0.00412,
        "ndcg_at_20": 0.00169,
        "ndcg_at_3": 0.0,
        "ndcg_at_5": 0.00055,
        "precision_at_1": 0.0,
        "precision_at_10": 0.00041,
        "precision_at_100": 0.0001,
        "precision_at_1000": 4e-05,
        "precision_at_20": 0.00031,
        "precision_at_3": 0.0,
        "precision_at_5": 0.00041,
        "recall_at_1": 0.0,
        "recall_at_10": 0.00311,
        "recall_at_100": 0.00629,
        "recall_at_1000": 0.02106,
        "recall_at_20": 0.00519,
        "recall_at_3": 0.0,
        "recall_at_5": 0.00104
      }
    ]
  },
  "task_name": "MIRACLRetrieval"
}