{
  "dataset_revision": "main",
  "evaluation_time": 162.85495162010193,
  "kg_co2_emissions": null,
  "mteb_version": "1.12.68",
  "scores": {
    "dev": [
      {
        "hf_subset": "sw",
        "languages": [
          "swa-Latn"
        ],
        "main_score": 0.1716,
        "map_at_1": 0.06525,
        "map_at_10": 0.13016,
        "map_at_100": 0.14159,
        "map_at_1000": 0.14324,
        "map_at_20": 0.1355,
        "map_at_3": 0.10971,
        "map_at_5": 0.11993,
        "mrr_at_1": 0.1016597510373444,
        "mrr_at_10": 0.16956217480076397,
        "mrr_at_100": 0.17955783578377135,
        "mrr_at_1000": 0.1805773668250285,
        "mrr_at_20": 0.17462329103830268,
        "mrr_at_3": 0.14695712309820191,
        "mrr_at_5": 0.15733056708160442,
        "nauc_map_at_1000_diff1": 0.3683722818652309,
        "nauc_map_at_1000_max": 0.0885127141815513,
        "nauc_map_at_1000_std": -0.08178184538425866,
        "nauc_map_at_100_diff1": 0.3675814811793034,
        "nauc_map_at_100_max": 0.08735902023725424,
        "nauc_map_at_100_std": -0.08155222959023331,
        "nauc_map_at_10_diff1": 0.37425969670833437,
        "nauc_map_at_10_max": 0.08182886621977443,
        "nauc_map_at_10_std": -0.0886551846624111,
        "nauc_map_at_1_diff1": 0.42635175335104997,
        "nauc_map_at_1_max": 0.08522418142372352,
        "nauc_map_at_1_std": -0.12937817887725547,
        "nauc_map_at_20_diff1": 0.368535938647348,
        "nauc_map_at_20_max": 0.08117568067697654,
        "nauc_map_at_20_std": -0.08561704911573613,
        "nauc_map_at_3_diff1": 0.3797651022063135,
        "nauc_map_at_3_max": 0.07760250085421967,
        "nauc_map_at_3_std": -0.08726393430643231,
        "nauc_map_at_5_diff1": 0.38026826443990913,
        "nauc_map_at_5_max": 0.08978581460366607,
        "nauc_map_at_5_std": -0.08352351171374475,
        "nauc_mrr_at_1000_diff1": 0.37090553452818403,
        "nauc_mrr_at_1000_max": 0.14441091260452027,
        "nauc_mrr_at_1000_std": -0.0745877399398263,
        "nauc_mrr_at_100_diff1": 0.3705864120135234,
        "nauc_mrr_at_100_max": 0.14424717218136432,
        "nauc_mrr_at_100_std": -0.07428067470526463,
        "nauc_mrr_at_10_diff1": 0.37316332678765546,
        "nauc_mrr_at_10_max": 0.14314790597321334,
        "nauc_mrr_at_10_std": -0.07484776221177047,
        "nauc_mrr_at_1_diff1": 0.4519497011991576,
        "nauc_mrr_at_1_max": 0.18464234508159108,
        "nauc_mrr_at_1_std": -0.07502456680963869,
        "nauc_mrr_at_20_diff1": 0.37020478348470226,
        "nauc_mrr_at_20_max": 0.14323411435775693,
        "nauc_mrr_at_20_std": -0.07448351957441311,
        "nauc_mrr_at_3_diff1": 0.3771908829478964,
        "nauc_mrr_at_3_max": 0.137401901504967,
        "nauc_mrr_at_3_std": -0.07694557574010066,
        "nauc_mrr_at_5_diff1": 0.3790523154525451,
        "nauc_mrr_at_5_max": 0.1436880460743249,
        "nauc_mrr_at_5_std": -0.06976709165590593,
        "nauc_ndcg_at_1000_diff1": 0.34688196434477886,
        "nauc_ndcg_at_1000_max": 0.134427111143712,
        "nauc_ndcg_at_1000_std": -0.059994262284158585,
        "nauc_ndcg_at_100_diff1": 0.33267078029290775,
        "nauc_ndcg_at_100_max": 0.12338994739863662,
        "nauc_ndcg_at_100_std": -0.0485350862958479,
        "nauc_ndcg_at_10_diff1": 0.35200149033030065,
        "nauc_ndcg_at_10_max": 0.09276777932315221,
        "nauc_ndcg_at_10_std": -0.08030624966672682,
        "nauc_ndcg_at_1_diff1": 0.4519497011991576,
        "nauc_ndcg_at_1_max": 0.18464234508159108,
        "nauc_ndcg_at_1_std": -0.07502456680963869,
        "nauc_ndcg_at_20_diff1": 0.3371804107215429,
        "nauc_ndcg_at_20_max": 0.09303073982189121,
        "nauc_ndcg_at_20_std": -0.07298572880334707,
        "nauc_ndcg_at_3_diff1": 0.3533908817474888,
        "nauc_ndcg_at_3_max": 0.09247368587719476,
        "nauc_ndcg_at_3_std": -0.07614398818008279,
        "nauc_ndcg_at_5_diff1": 0.3598388233628179,
        "nauc_ndcg_at_5_max": 0.10243782298156126,
        "nauc_ndcg_at_5_std": -0.07111138079459417,
        "nauc_precision_at_1000_diff1": 0.1319857544407649,
        "nauc_precision_at_1000_max": 0.2370779501761395,
        "nauc_precision_at_1000_std": 0.028919756186393183,
        "nauc_precision_at_100_diff1": 0.17579770815749493,
        "nauc_precision_at_100_max": 0.22243977281379138,
        "nauc_precision_at_100_std": 0.056462533891834504,
        "nauc_precision_at_10_diff1": 0.3104359412786192,
        "nauc_precision_at_10_max": 0.13980264007586132,
        "nauc_precision_at_10_std": -0.06371819394123453,
        "nauc_precision_at_1_diff1": 0.4519497011991576,
        "nauc_precision_at_1_max": 0.18464234508159108,
        "nauc_precision_at_1_std": -0.07502456680963869,
        "nauc_precision_at_20_diff1": 0.23099409104010118,
        "nauc_precision_at_20_max": 0.14003831513780826,
        "nauc_precision_at_20_std": -0.02613864809321864,
        "nauc_precision_at_3_diff1": 0.33995486320127516,
        "nauc_precision_at_3_max": 0.126261778874736,
        "nauc_precision_at_3_std": -0.04427341686792761,
        "nauc_precision_at_5_diff1": 0.34345939144364007,
        "nauc_precision_at_5_max": 0.14972050336139517,
        "nauc_precision_at_5_std": -0.04101851599111385,
        "nauc_recall_at_1000_diff1": 0.2787721738746836,
        "nauc_recall_at_1000_max": 0.1949374414735792,
        "nauc_recall_at_1000_std": -0.022047357398132243,
        "nauc_recall_at_100_diff1": 0.22656318208127954,
        "nauc_recall_at_100_max": 0.14487900895781278,
        "nauc_recall_at_100_std": 0.033366965864257,
        "nauc_recall_at_10_diff1": 0.28336546504796184,
        "nauc_recall_at_10_max": 0.05931965249836704,
        "nauc_recall_at_10_std": -0.06763905595188731,
        "nauc_recall_at_1_diff1": 0.42635175335104997,
        "nauc_recall_at_1_max": 0.08522418142372352,
        "nauc_recall_at_1_std": -0.12937817887725547,
        "nauc_recall_at_20_diff1": 0.25657927438772526,
        "nauc_recall_at_20_max": 0.05924491001982162,
        "nauc_recall_at_20_std": -0.05447497923248251,
        "nauc_recall_at_3_diff1": 0.2985673564764081,
        "nauc_recall_at_3_max": 0.05026031098329695,
        "nauc_recall_at_3_std": -0.07008516755249251,
        "nauc_recall_at_5_diff1": 0.30627754997410117,
        "nauc_recall_at_5_max": 0.08581423947932082,
        "nauc_recall_at_5_std": -0.052239840883966396,
        "ndcg_at_1": 0.10166,
        "ndcg_at_10": 0.1716,
        "ndcg_at_100": 0.22825,
        "ndcg_at_1000": 0.26639,
        "ndcg_at_20": 0.18941,
        "ndcg_at_3": 0.13329,
        "ndcg_at_5": 0.14767,
        "precision_at_1": 0.10166,
        "precision_at_10": 0.04191,
        "precision_at_100": 0.00902,
        "precision_at_1000": 0.00139,
        "precision_at_20": 0.02687,
        "precision_at_3": 0.0816,
        "precision_at_5": 0.06183,
        "recall_at_1": 0.06525,
        "recall_at_10": 0.25351,
        "recall_at_100": 0.48575,
        "recall_at_1000": 0.74732,
        "recall_at_20": 0.31194,
        "recall_at_3": 0.15194,
        "recall_at_5": 0.18797
      }
    ]
  },
  "task_name": "MIRACLRetrieval"
}