{
  "dataset_revision": "6d1962c527217f8927fca80f890f14f36b2802af",
  "evaluation_time": 74.15250706672668,
  "kg_co2_emissions": null,
  "mteb_version": "1.12.68",
  "scores": {
    "dev": [
      {
        "MAP@1(MIRACL)": 0.09854,
        "MAP@10(MIRACL)": 0.2257,
        "MAP@100(MIRACL)": 0.24969,
        "MAP@1000(MIRACL)": 0.24969,
        "MAP@20(MIRACL)": 0.24072,
        "MAP@3(MIRACL)": 0.18496,
        "MAP@5(MIRACL)": 0.20263,
        "NDCG@1(MIRACL)": 0.14553,
        "NDCG@10(MIRACL)": 0.30025,
        "NDCG@100(MIRACL)": 0.38187,
        "NDCG@1000(MIRACL)": 0.38187,
        "NDCG@20(MIRACL)": 0.34359,
        "NDCG@3(MIRACL)": 0.22617,
        "NDCG@5(MIRACL)": 0.25085,
        "P@1(MIRACL)": 0.14553,
        "P@10(MIRACL)": 0.07547,
        "P@100(MIRACL)": 0.01385,
        "P@1000(MIRACL)": 0.00138,
        "P@20(MIRACL)": 0.05135,
        "P@3(MIRACL)": 0.13721,
        "P@5(MIRACL)": 0.10395,
        "Recall@1(MIRACL)": 0.09854,
        "Recall@10(MIRACL)": 0.47105,
        "Recall@100(MIRACL)": 0.77963,
        "Recall@1000(MIRACL)": 0.77963,
        "Recall@20(MIRACL)": 0.61776,
        "Recall@3(MIRACL)": 0.27208,
        "Recall@5(MIRACL)": 0.33534,
        "hf_subset": "sw",
        "languages": [
          "swa-Latn"
        ],
        "main_score": 0.30025,
        "nAUC_MAP@1000_diff1(MIRACL)": 0.16270038738903694,
        "nAUC_MAP@1000_max(MIRACL)": 0.14508795574237993,
        "nAUC_MAP@1000_std(MIRACL)": -0.050884105024450794,
        "nAUC_MAP@100_diff1(MIRACL)": 0.16270038738903694,
        "nAUC_MAP@100_max(MIRACL)": 0.14508795574237993,
        "nAUC_MAP@100_std(MIRACL)": -0.050884105024450794,
        "nAUC_MAP@10_diff1(MIRACL)": 0.1566394475567391,
        "nAUC_MAP@10_max(MIRACL)": 0.13476234658995792,
        "nAUC_MAP@10_std(MIRACL)": -0.059055687192910336,
        "nAUC_MAP@1_diff1(MIRACL)": 0.2589140237858548,
        "nAUC_MAP@1_max(MIRACL)": 0.12303326960759618,
        "nAUC_MAP@1_std(MIRACL)": -0.15076764769149759,
        "nAUC_MAP@20_diff1(MIRACL)": 0.1592819065290835,
        "nAUC_MAP@20_max(MIRACL)": 0.13956823763696732,
        "nAUC_MAP@20_std(MIRACL)": -0.05369615126811507,
        "nAUC_MAP@3_diff1(MIRACL)": 0.15752981950965836,
        "nAUC_MAP@3_max(MIRACL)": 0.10190791734997086,
        "nAUC_MAP@3_std(MIRACL)": -0.10163028872178075,
        "nAUC_MAP@5_diff1(MIRACL)": 0.15635002311904705,
        "nAUC_MAP@5_max(MIRACL)": 0.12425330214037981,
        "nAUC_MAP@5_std(MIRACL)": -0.0751146074823608,
        "nAUC_NDCG@1000_diff1(MIRACL)": 0.14841792694551445,
        "nAUC_NDCG@1000_max(MIRACL)": 0.17412907092394878,
        "nAUC_NDCG@1000_std(MIRACL)": -0.00037820646913130695,
        "nAUC_NDCG@100_diff1(MIRACL)": 0.14841792694551445,
        "nAUC_NDCG@100_max(MIRACL)": 0.17412907092394878,
        "nAUC_NDCG@100_std(MIRACL)": -0.00037820646913130695,
        "nAUC_NDCG@10_diff1(MIRACL)": 0.13597123658674384,
        "nAUC_NDCG@10_max(MIRACL)": 0.14602428916096427,
        "nAUC_NDCG@10_std(MIRACL)": -0.01963238390000827,
        "nAUC_NDCG@1_diff1(MIRACL)": 0.2243123614670702,
        "nAUC_NDCG@1_max(MIRACL)": 0.17610390773759413,
        "nAUC_NDCG@1_std(MIRACL)": -0.06698356775165656,
        "nAUC_NDCG@20_diff1(MIRACL)": 0.1401872160556272,
        "nAUC_NDCG@20_max(MIRACL)": 0.15841555775344923,
        "nAUC_NDCG@20_std(MIRACL)": -0.005615957643927391,
        "nAUC_NDCG@3_diff1(MIRACL)": 0.13679373950336338,
        "nAUC_NDCG@3_max(MIRACL)": 0.11123948624487234,
        "nAUC_NDCG@3_std(MIRACL)": -0.08002785535005609,
        "nAUC_NDCG@5_diff1(MIRACL)": 0.1351490691663602,
        "nAUC_NDCG@5_max(MIRACL)": 0.12924299244074908,
        "nAUC_NDCG@5_std(MIRACL)": -0.046715554110891074,
        "nAUC_P@1000_diff1(MIRACL)": 0.05457412030160735,
        "nAUC_P@1000_max(MIRACL)": 0.1858718223805672,
        "nAUC_P@1000_std(MIRACL)": 0.09657366651059916,
        "nAUC_P@100_diff1(MIRACL)": 0.054574120301607604,
        "nAUC_P@100_max(MIRACL)": 0.18587182238056757,
        "nAUC_P@100_std(MIRACL)": 0.09657366651059925,
        "nAUC_P@10_diff1(MIRACL)": 0.06867286978643698,
        "nAUC_P@10_max(MIRACL)": 0.20697263384386827,
        "nAUC_P@10_std(MIRACL)": 0.10382357437588988,
        "nAUC_P@1_diff1(MIRACL)": 0.2243123614670702,
        "nAUC_P@1_max(MIRACL)": 0.17610390773759413,
        "nAUC_P@1_std(MIRACL)": -0.06698356775165656,
        "nAUC_P@20_diff1(MIRACL)": 0.06790063533659307,
        "nAUC_P@20_max(MIRACL)": 0.21828489478814986,
        "nAUC_P@20_std(MIRACL)": 0.11816365157764509,
        "nAUC_P@3_diff1(MIRACL)": 0.09881158490910595,
        "nAUC_P@3_max(MIRACL)": 0.13587438378049885,
        "nAUC_P@3_std(MIRACL)": -0.03633694686482403,
        "nAUC_P@5_diff1(MIRACL)": 0.08676356600833438,
        "nAUC_P@5_max(MIRACL)": 0.18033148055956472,
        "nAUC_P@5_std(MIRACL)": 0.02584356037540557,
        "nAUC_Recall@1000_diff1(MIRACL)": 0.10382759553442969,
        "nAUC_Recall@1000_max(MIRACL)": 0.2590969749018334,
        "nAUC_Recall@1000_std(MIRACL)": 0.15216355182294272,
        "nAUC_Recall@100_diff1(MIRACL)": 0.10382759553442969,
        "nAUC_Recall@100_max(MIRACL)": 0.2590969749018334,
        "nAUC_Recall@100_std(MIRACL)": 0.15216355182294272,
        "nAUC_Recall@10_diff1(MIRACL)": 0.07485756596110635,
        "nAUC_Recall@10_max(MIRACL)": 0.1314972874197578,
        "nAUC_Recall@10_std(MIRACL)": 0.035792828873120484,
        "nAUC_Recall@1_diff1(MIRACL)": 0.2589140237858548,
        "nAUC_Recall@1_max(MIRACL)": 0.12303326960759618,
        "nAUC_Recall@1_std(MIRACL)": -0.15076764769149759,
        "nAUC_Recall@20_diff1(MIRACL)": 0.07361843100953762,
        "nAUC_Recall@20_max(MIRACL)": 0.1583698731747216,
        "nAUC_Recall@20_std(MIRACL)": 0.09052175529478186,
        "nAUC_Recall@3_diff1(MIRACL)": 0.0837938527595029,
        "nAUC_Recall@3_max(MIRACL)": 0.06454194002480096,
        "nAUC_Recall@3_std(MIRACL)": -0.073939033211719,
        "nAUC_Recall@5_diff1(MIRACL)": 0.07609049505233675,
        "nAUC_Recall@5_max(MIRACL)": 0.11038977993040983,
        "nAUC_Recall@5_std(MIRACL)": -0.007783431252814669
      }
    ]
  },
  "task_name": "MIRACLReranking"
}