{
  "dataset_revision": "main",
  "evaluation_time": 120.02374005317688,
  "kg_co2_emissions": null,
  "mteb_version": "1.12.68",
  "scores": {
    "dev": [
      {
        "hf_subset": "sw",
        "languages": [
          "swa-Latn"
        ],
        "main_score": 0.09624,
        "map_at_1": 0.0379,
        "map_at_10": 0.06531,
        "map_at_100": 0.07418,
        "map_at_1000": 0.07553,
        "map_at_20": 0.06946,
        "map_at_3": 0.04995,
        "map_at_5": 0.05788,
        "mrr_at_1": 0.06224066390041494,
        "mrr_at_10": 0.10190262135282885,
        "mrr_at_100": 0.11080610975528149,
        "mrr_at_1000": 0.11174580224910513,
        "mrr_at_20": 0.10593658203093231,
        "mrr_at_3": 0.07952973720608576,
        "mrr_at_5": 0.09187413554633472,
        "nauc_map_at_1000_diff1": 0.30198597020983375,
        "nauc_map_at_1000_max": -0.04017462169064908,
        "nauc_map_at_1000_std": 0.12130069529502523,
        "nauc_map_at_100_diff1": 0.3019259972580099,
        "nauc_map_at_100_max": -0.04172230488747885,
        "nauc_map_at_100_std": 0.11899763163461788,
        "nauc_map_at_10_diff1": 0.3133954376400674,
        "nauc_map_at_10_max": -0.05073089424266836,
        "nauc_map_at_10_std": 0.10663167738322749,
        "nauc_map_at_1_diff1": 0.5092519084904381,
        "nauc_map_at_1_max": -0.0262599116269366,
        "nauc_map_at_1_std": 0.061979260443950274,
        "nauc_map_at_20_diff1": 0.303060339371201,
        "nauc_map_at_20_max": -0.04853680468726503,
        "nauc_map_at_20_std": 0.10964892689286526,
        "nauc_map_at_3_diff1": 0.35333213122364054,
        "nauc_map_at_3_max": -0.0447988745115041,
        "nauc_map_at_3_std": 0.08681779959140774,
        "nauc_map_at_5_diff1": 0.31461566843249567,
        "nauc_map_at_5_max": -0.056185837566594406,
        "nauc_map_at_5_std": 0.10216824512110961,
        "nauc_mrr_at_1000_diff1": 0.2728536731996304,
        "nauc_mrr_at_1000_max": 0.016211584731267666,
        "nauc_mrr_at_1000_std": 0.06020080934763916,
        "nauc_mrr_at_100_diff1": 0.2720713695508452,
        "nauc_mrr_at_100_max": 0.015283200101065158,
        "nauc_mrr_at_100_std": 0.0590987121724482,
        "nauc_mrr_at_10_diff1": 0.27859524654273365,
        "nauc_mrr_at_10_max": 0.01320193987605627,
        "nauc_mrr_at_10_std": 0.04940759496522184,
        "nauc_mrr_at_1_diff1": 0.4576510067964881,
        "nauc_mrr_at_1_max": 0.05276164386094584,
        "nauc_mrr_at_1_std": 0.01739230426621215,
        "nauc_mrr_at_20_diff1": 0.2717500143505438,
        "nauc_mrr_at_20_max": 0.010406467139250586,
        "nauc_mrr_at_20_std": 0.05659301510751556,
        "nauc_mrr_at_3_diff1": 0.32273893871971476,
        "nauc_mrr_at_3_max": 0.025207003538975224,
        "nauc_mrr_at_3_std": 0.028748676282150436,
        "nauc_mrr_at_5_diff1": 0.2834812077491299,
        "nauc_mrr_at_5_max": 0.01309274631987948,
        "nauc_mrr_at_5_std": 0.04468181901345791,
        "nauc_ndcg_at_1000_diff1": 0.22184974219816225,
        "nauc_ndcg_at_1000_max": 0.0011780013834176162,
        "nauc_ndcg_at_1000_std": 0.1791678820196039,
        "nauc_ndcg_at_100_diff1": 0.22580886779152104,
        "nauc_ndcg_at_100_max": -0.013572934085018964,
        "nauc_ndcg_at_100_std": 0.15322416353299412,
        "nauc_ndcg_at_10_diff1": 0.25137828081339403,
        "nauc_ndcg_at_10_max": -0.039659568648671206,
        "nauc_ndcg_at_10_std": 0.1055888602745091,
        "nauc_ndcg_at_1_diff1": 0.4576510067964881,
        "nauc_ndcg_at_1_max": 0.05276164386094584,
        "nauc_ndcg_at_1_std": 0.01739230426621215,
        "nauc_ndcg_at_20_diff1": 0.22959559673556387,
        "nauc_ndcg_at_20_max": -0.038170543928390116,
        "nauc_ndcg_at_20_std": 0.11715637527056638,
        "nauc_ndcg_at_3_diff1": 0.29570648668730304,
        "nauc_ndcg_at_3_max": -0.02680722426433448,
        "nauc_ndcg_at_3_std": 0.06562197314907409,
        "nauc_ndcg_at_5_diff1": 0.25336040627310774,
        "nauc_ndcg_at_5_max": -0.05411949186987287,
        "nauc_ndcg_at_5_std": 0.09811773241603894,
        "nauc_precision_at_1000_diff1": 0.02616463406286782,
        "nauc_precision_at_1000_max": 0.09649479721697228,
        "nauc_precision_at_1000_std": 0.1834665205022211,
        "nauc_precision_at_100_diff1": 0.07316655066366647,
        "nauc_precision_at_100_max": 0.07919944285668745,
        "nauc_precision_at_100_std": 0.18442610144139449,
        "nauc_precision_at_10_diff1": 0.12227265808198855,
        "nauc_precision_at_10_max": 0.01007112704197974,
        "nauc_precision_at_10_std": 0.07835528684545896,
        "nauc_precision_at_1_diff1": 0.4576510067964881,
        "nauc_precision_at_1_max": 0.05276164386094584,
        "nauc_precision_at_1_std": 0.01739230426621215,
        "nauc_precision_at_20_diff1": 0.09106147879893375,
        "nauc_precision_at_20_max": 0.022352675770909828,
        "nauc_precision_at_20_std": 0.10541243795002311,
        "nauc_precision_at_3_diff1": 0.21745249865786948,
        "nauc_precision_at_3_max": -0.012492874223153575,
        "nauc_precision_at_3_std": 0.04149181012509871,
        "nauc_precision_at_5_diff1": 0.12618586187291891,
        "nauc_precision_at_5_max": -0.04248942605575407,
        "nauc_precision_at_5_std": 0.07462099821271552,
        "nauc_recall_at_1000_diff1": 0.07977937774328933,
        "nauc_recall_at_1000_max": 0.037999882882384386,
        "nauc_recall_at_1000_std": 0.30289029938521156,
        "nauc_recall_at_100_diff1": 0.12164795621443283,
        "nauc_recall_at_100_max": -0.007111798454429914,
        "nauc_recall_at_100_std": 0.20706302305881402,
        "nauc_recall_at_10_diff1": 0.16902590512252405,
        "nauc_recall_at_10_max": -0.05589380874162795,
        "nauc_recall_at_10_std": 0.13476447972870956,
        "nauc_recall_at_1_diff1": 0.5092519084904381,
        "nauc_recall_at_1_max": -0.0262599116269366,
        "nauc_recall_at_1_std": 0.061979260443950274,
        "nauc_recall_at_20_diff1": 0.1321794031231874,
        "nauc_recall_at_20_max": -0.056608901733202675,
        "nauc_recall_at_20_std": 0.14768866826732177,
        "nauc_recall_at_3_diff1": 0.22816196266546476,
        "nauc_recall_at_3_max": -0.07443829990723914,
        "nauc_recall_at_3_std": 0.09573919856941898,
        "nauc_recall_at_5_diff1": 0.15619234315608446,
        "nauc_recall_at_5_max": -0.09317435650373768,
        "nauc_recall_at_5_std": 0.13342925279456375,
        "ndcg_at_1": 0.06224,
        "ndcg_at_10": 0.09624,
        "ndcg_at_100": 0.14583,
        "ndcg_at_1000": 0.18281,
        "ndcg_at_20": 0.11083,
        "ndcg_at_3": 0.06273,
        "ndcg_at_5": 0.07681,
        "precision_at_1": 0.06224,
        "precision_at_10": 0.02552,
        "precision_at_100": 0.00641,
        "precision_at_1000": 0.00116,
        "precision_at_20": 0.01732,
        "precision_at_3": 0.03458,
        "precision_at_5": 0.03195,
        "recall_at_1": 0.0379,
        "recall_at_10": 0.15505,
        "recall_at_100": 0.37393,
        "recall_at_1000": 0.62878,
        "recall_at_20": 0.20507,
        "recall_at_3": 0.06743,
        "recall_at_5": 0.10197
      }
    ]
  },
  "task_name": "MIRACLRetrieval"
}