{
  "dataset_revision": "6d1962c527217f8927fca80f890f14f36b2802af",
  "evaluation_time": 74.14402174949646,
  "kg_co2_emissions": null,
  "mteb_version": "1.12.68",
  "scores": {
    "dev": [
      {
        "MAP@1(MIRACL)": 0.051,
        "MAP@10(MIRACL)": 0.10077,
        "MAP@100(MIRACL)": 0.12665,
        "MAP@1000(MIRACL)": 0.12665,
        "MAP@20(MIRACL)": 0.11155,
        "MAP@3(MIRACL)": 0.0733,
        "MAP@5(MIRACL)": 0.0881,
        "NDCG@1(MIRACL)": 0.07277,
        "NDCG@10(MIRACL)": 0.14639,
        "NDCG@100(MIRACL)": 0.26993,
        "NDCG@1000(MIRACL)": 0.26993,
        "NDCG@20(MIRACL)": 0.18206,
        "NDCG@3(MIRACL)": 0.08997,
        "NDCG@5(MIRACL)": 0.11625,
        "P@1(MIRACL)": 0.07277,
        "P@10(MIRACL)": 0.04012,
        "P@100(MIRACL)": 0.01385,
        "P@1000(MIRACL)": 0.00138,
        "P@20(MIRACL)": 0.03119,
        "P@3(MIRACL)": 0.05336,
        "P@5(MIRACL)": 0.05198,
        "Recall@1(MIRACL)": 0.051,
        "Recall@10(MIRACL)": 0.24359,
        "Recall@100(MIRACL)": 0.77963,
        "Recall@1000(MIRACL)": 0.77963,
        "Recall@20(MIRACL)": 0.36674,
        "Recall@3(MIRACL)": 0.0982,
        "Recall@5(MIRACL)": 0.16001,
        "hf_subset": "sw",
        "languages": [
          "swa-Latn"
        ],
        "main_score": 0.14639,
        "nAUC_MAP@1000_diff1(MIRACL)": 0.013870915550453512,
        "nAUC_MAP@1000_max(MIRACL)": 0.011680769476004186,
        "nAUC_MAP@1000_std(MIRACL)": -0.008435062405464525,
        "nAUC_MAP@100_diff1(MIRACL)": 0.013870915550453512,
        "nAUC_MAP@100_max(MIRACL)": 0.011680769476004186,
        "nAUC_MAP@100_std(MIRACL)": -0.008435062405464525,
        "nAUC_MAP@10_diff1(MIRACL)": 0.021519270023464196,
        "nAUC_MAP@10_max(MIRACL)": 0.01064819657888894,
        "nAUC_MAP@10_std(MIRACL)": -0.008212828626272787,
        "nAUC_MAP@1_diff1(MIRACL)": 0.07909457902924259,
        "nAUC_MAP@1_max(MIRACL)": 0.05677199150369018,
        "nAUC_MAP@1_std(MIRACL)": 0.030966358667189522,
        "nAUC_MAP@20_diff1(MIRACL)": 0.01186822763820053,
        "nAUC_MAP@20_max(MIRACL)": 0.012524362939075991,
        "nAUC_MAP@20_std(MIRACL)": -0.011276486247909976,
        "nAUC_MAP@3_diff1(MIRACL)": 0.02988990154914194,
        "nAUC_MAP@3_max(MIRACL)": 0.018156134627311284,
        "nAUC_MAP@3_std(MIRACL)": -0.018584816405485812,
        "nAUC_MAP@5_diff1(MIRACL)": 0.02742367060110527,
        "nAUC_MAP@5_max(MIRACL)": 0.011901180791734483,
        "nAUC_MAP@5_std(MIRACL)": -0.0033838226616417933,
        "nAUC_NDCG@1000_diff1(MIRACL)": 0.011152187374396456,
        "nAUC_NDCG@1000_max(MIRACL)": -0.0019542962675023574,
        "nAUC_NDCG@1000_std(MIRACL)": -0.029544755190500527,
        "nAUC_NDCG@100_diff1(MIRACL)": 0.011152187374396456,
        "nAUC_NDCG@100_max(MIRACL)": -0.0019542962675023574,
        "nAUC_NDCG@100_std(MIRACL)": -0.029544755190500527,
        "nAUC_NDCG@10_diff1(MIRACL)": 0.015090408291439657,
        "nAUC_NDCG@10_max(MIRACL)": 0.0033963165693403448,
        "nAUC_NDCG@10_std(MIRACL)": -0.008138879999940025,
        "nAUC_NDCG@1_diff1(MIRACL)": 0.09009023463929813,
        "nAUC_NDCG@1_max(MIRACL)": 0.03243057653709946,
        "nAUC_NDCG@1_std(MIRACL)": 0.006511987253420261,
        "nAUC_NDCG@20_diff1(MIRACL)": -0.0020566118523021692,
        "nAUC_NDCG@20_max(MIRACL)": 0.004985460074725958,
        "nAUC_NDCG@20_std(MIRACL)": -0.005968739177023468,
        "nAUC_NDCG@3_diff1(MIRACL)": 0.021280803826868134,
        "nAUC_NDCG@3_max(MIRACL)": -0.0007525786767903557,
        "nAUC_NDCG@3_std(MIRACL)": -0.025098211243380884,
        "nAUC_NDCG@5_diff1(MIRACL)": 0.019111309820737363,
        "nAUC_NDCG@5_max(MIRACL)": 0.002786145134602225,
        "nAUC_NDCG@5_std(MIRACL)": 0.006042347390894539,
        "nAUC_P@1000_diff1(MIRACL)": -0.013006857652707789,
        "nAUC_P@1000_max(MIRACL)": 0.02686348735367108,
        "nAUC_P@1000_std(MIRACL)": -0.013430069880334412,
        "nAUC_P@100_diff1(MIRACL)": -0.013006857652707574,
        "nAUC_P@100_max(MIRACL)": 0.02686348735367126,
        "nAUC_P@100_std(MIRACL)": -0.013430069880334147,
        "nAUC_P@10_diff1(MIRACL)": -0.02816895101935385,
        "nAUC_P@10_max(MIRACL)": 0.025474172534207275,
        "nAUC_P@10_std(MIRACL)": 0.02391872247516535,
        "nAUC_P@1_diff1(MIRACL)": 0.09009023463929813,
        "nAUC_P@1_max(MIRACL)": 0.03243057653709946,
        "nAUC_P@1_std(MIRACL)": 0.006511987253420261,
        "nAUC_P@20_diff1(MIRACL)": -0.05950063338094395,
        "nAUC_P@20_max(MIRACL)": 0.03764250963791054,
        "nAUC_P@20_std(MIRACL)": 0.026388301693550924,
        "nAUC_P@3_diff1(MIRACL)": -0.0038933642242215062,
        "nAUC_P@3_max(MIRACL)": -0.027648252851618864,
        "nAUC_P@3_std(MIRACL)": -0.0379048355745929,
        "nAUC_P@5_diff1(MIRACL)": -0.01260864795313043,
        "nAUC_P@5_max(MIRACL)": 0.0005779927055065799,
        "nAUC_P@5_std(MIRACL)": 0.022131957243216555,
        "nAUC_Recall@1000_diff1(MIRACL)": 0.026342296433332253,
        "nAUC_Recall@1000_max(MIRACL)": -0.07718874518403603,
        "nAUC_Recall@1000_std(MIRACL)": -0.17418443633170966,
        "nAUC_Recall@100_diff1(MIRACL)": 0.026342296433332253,
        "nAUC_Recall@100_max(MIRACL)": -0.07718874518403603,
        "nAUC_Recall@100_std(MIRACL)": -0.17418443633170966,
        "nAUC_Recall@10_diff1(MIRACL)": 0.01740705219340409,
        "nAUC_Recall@10_max(MIRACL)": -0.018874042488142586,
        "nAUC_Recall@10_std(MIRACL)": -0.025268291984757458,
        "nAUC_Recall@1_diff1(MIRACL)": 0.07909457902924259,
        "nAUC_Recall@1_max(MIRACL)": 0.05677199150369018,
        "nAUC_Recall@1_std(MIRACL)": 0.030966358667189522,
        "nAUC_Recall@20_diff1(MIRACL)": -0.014994476106413517,
        "nAUC_Recall@20_max(MIRACL)": -0.015607827509553588,
        "nAUC_Recall@20_std(MIRACL)": -0.018075308495842456,
        "nAUC_Recall@3_diff1(MIRACL)": 0.018020303257797514,
        "nAUC_Recall@3_max(MIRACL)": -0.020188028934211972,
        "nAUC_Recall@3_std(MIRACL)": -0.04830009433812291,
        "nAUC_Recall@5_diff1(MIRACL)": 0.019526790048577575,
        "nAUC_Recall@5_max(MIRACL)": -0.018508374361110552,
        "nAUC_Recall@5_std(MIRACL)": 0.010323865082817173
      }
    ]
  },
  "task_name": "MIRACLReranking"
}