{
  "dataset_revision": "main",
  "evaluation_time": 160.11813735961914,
  "kg_co2_emissions": null,
  "mteb_version": "1.12.68",
  "scores": {
    "dev": [
      {
        "hf_subset": "sw",
        "languages": [
          "swa-Latn"
        ],
        "main_score": 0.02959,
        "map_at_1": 0.01262,
        "map_at_10": 0.01996,
        "map_at_100": 0.02366,
        "map_at_1000": 0.02462,
        "map_at_20": 0.02163,
        "map_at_3": 0.01452,
        "map_at_5": 0.01712,
        "mrr_at_1": 0.02074688796680498,
        "mrr_at_10": 0.03162747810050714,
        "mrr_at_100": 0.036866256489410894,
        "mrr_at_1000": 0.03781341984937171,
        "mrr_at_20": 0.03375113245445195,
        "mrr_at_3": 0.023167358229598894,
        "mrr_at_5": 0.027005532503457816,
        "nauc_map_at_1000_diff1": -0.04787392647460971,
        "nauc_map_at_1000_max": 0.05114012368026472,
        "nauc_map_at_1000_std": -0.21339793322028913,
        "nauc_map_at_100_diff1": -0.04817668630204587,
        "nauc_map_at_100_max": 0.053151003451741806,
        "nauc_map_at_100_std": -0.21421152954419007,
        "nauc_map_at_10_diff1": -0.05924246806797719,
        "nauc_map_at_10_max": 0.0694902005203221,
        "nauc_map_at_10_std": -0.24300247874675893,
        "nauc_map_at_1_diff1": -0.0954363381553487,
        "nauc_map_at_1_max": 0.1533127346760124,
        "nauc_map_at_1_std": -0.23046064156055615,
        "nauc_map_at_20_diff1": -0.054877606736034645,
        "nauc_map_at_20_max": 0.05807468094375132,
        "nauc_map_at_20_std": -0.21941012625183767,
        "nauc_map_at_3_diff1": -0.06323433739597521,
        "nauc_map_at_3_max": 0.09346308211534211,
        "nauc_map_at_3_std": -0.26382119172091983,
        "nauc_map_at_5_diff1": -0.06505162046015836,
        "nauc_map_at_5_max": 0.08118379730093661,
        "nauc_map_at_5_std": -0.265347022926257,
        "nauc_mrr_at_1000_diff1": -0.029345366481184045,
        "nauc_mrr_at_1000_max": 0.04638359629416913,
        "nauc_mrr_at_1000_std": -0.1489125042881485,
        "nauc_mrr_at_100_diff1": -0.02859028522907827,
        "nauc_mrr_at_100_max": 0.04656329801662449,
        "nauc_mrr_at_100_std": -0.14754497414949969,
        "nauc_mrr_at_10_diff1": -0.032459151412913376,
        "nauc_mrr_at_10_max": 0.06034144226156812,
        "nauc_mrr_at_10_std": -0.15958504853175684,
        "nauc_mrr_at_1_diff1": -0.043648956665045285,
        "nauc_mrr_at_1_max": 0.16140138265747292,
        "nauc_mrr_at_1_std": -0.18243755363444306,
        "nauc_mrr_at_20_diff1": -0.02908669758786669,
        "nauc_mrr_at_20_max": 0.050668717826528493,
        "nauc_mrr_at_20_std": -0.14502759776102223,
        "nauc_mrr_at_3_diff1": -0.03385220687787368,
        "nauc_mrr_at_3_max": 0.10676610170085396,
        "nauc_mrr_at_3_std": -0.2010102817681309,
        "nauc_mrr_at_5_diff1": -0.027547587343218376,
        "nauc_mrr_at_5_max": 0.08013383234157206,
        "nauc_mrr_at_5_std": -0.1769628144392649,
        "nauc_ndcg_at_1000_diff1": -0.02878049916805464,
        "nauc_ndcg_at_1000_max": -0.0034056400978185637,
        "nauc_ndcg_at_1000_std": -0.16469115581032082,
        "nauc_ndcg_at_100_diff1": -0.021534045945324185,
        "nauc_ndcg_at_100_max": 0.00924611246596348,
        "nauc_ndcg_at_100_std": -0.15163945767199527,
        "nauc_ndcg_at_10_diff1": -0.04922756064750072,
        "nauc_ndcg_at_10_max": 0.04223075337412148,
        "nauc_ndcg_at_10_std": -0.20362718443604672,
        "nauc_ndcg_at_1_diff1": -0.043648956665045285,
        "nauc_ndcg_at_1_max": 0.16140138265747292,
        "nauc_ndcg_at_1_std": -0.18243755363444306,
        "nauc_ndcg_at_20_diff1": -0.041090787841031075,
        "nauc_ndcg_at_20_max": 0.017648141062632215,
        "nauc_ndcg_at_20_std": -0.15595660411118287,
        "nauc_ndcg_at_3_diff1": -0.05731763979110695,
        "nauc_ndcg_at_3_max": 0.0769069196329767,
        "nauc_ndcg_at_3_std": -0.24691344559236805,
        "nauc_ndcg_at_5_diff1": -0.05327800214786384,
        "nauc_ndcg_at_5_max": 0.06390841244485344,
        "nauc_ndcg_at_5_std": -0.24303768864974593,
        "nauc_precision_at_1000_diff1": -0.03750100228150262,
        "nauc_precision_at_1000_max": -0.012281552719492586,
        "nauc_precision_at_1000_std": -0.08502407985091671,
        "nauc_precision_at_100_diff1": -0.02554209895900903,
        "nauc_precision_at_100_max": -0.0016242229178265216,
        "nauc_precision_at_100_std": -0.07028854414997023,
        "nauc_precision_at_10_diff1": -0.040394530486758035,
        "nauc_precision_at_10_max": -0.030972803376865636,
        "nauc_precision_at_10_std": -0.09709264610599977,
        "nauc_precision_at_1_diff1": -0.043648956665045285,
        "nauc_precision_at_1_max": 0.16140138265747292,
        "nauc_precision_at_1_std": -0.18243755363444306,
        "nauc_precision_at_20_diff1": -0.018824426234374133,
        "nauc_precision_at_20_max": -0.04592197707922317,
        "nauc_precision_at_20_std": -0.03890736513485552,
        "nauc_precision_at_3_diff1": -0.04551406711932566,
        "nauc_precision_at_3_max": 0.04275417588823804,
        "nauc_precision_at_3_std": -0.21525618771716692,
        "nauc_precision_at_5_diff1": -0.019532093302049823,
        "nauc_precision_at_5_max": -0.0005484319886080977,
        "nauc_precision_at_5_std": -0.14107190260647917,
        "nauc_recall_at_1000_diff1": -0.012974546208422715,
        "nauc_recall_at_1000_max": -0.04492147171693867,
        "nauc_recall_at_1000_std": -0.15321933532028925,
        "nauc_recall_at_100_diff1": 0.007120879398487112,
        "nauc_recall_at_100_max": -0.02738775524024861,
        "nauc_recall_at_100_std": -0.12167558599458696,
        "nauc_recall_at_10_diff1": -0.048944708386144724,
        "nauc_recall_at_10_max": 0.012451547986803257,
        "nauc_recall_at_10_std": -0.20777568146941316,
        "nauc_recall_at_1_diff1": -0.0954363381553487,
        "nauc_recall_at_1_max": 0.1533127346760124,
        "nauc_recall_at_1_std": -0.23046064156055615,
        "nauc_recall_at_20_diff1": -0.039141051195870386,
        "nauc_recall_at_20_max": -0.0270410080260219,
        "nauc_recall_at_20_std": -0.1236630785034109,
        "nauc_recall_at_3_diff1": -0.059687045584252314,
        "nauc_recall_at_3_max": 0.03655047822983729,
        "nauc_recall_at_3_std": -0.2939453153118629,
        "nauc_recall_at_5_diff1": -0.06090142535852823,
        "nauc_recall_at_5_max": 0.03139735529051277,
        "nauc_recall_at_5_std": -0.2835352000944429,
        "ndcg_at_1": 0.02075,
        "ndcg_at_10": 0.02959,
        "ndcg_at_100": 0.05352,
        "ndcg_at_1000": 0.08278,
        "ndcg_at_20": 0.03585,
        "ndcg_at_3": 0.01736,
        "ndcg_at_5": 0.02219,
        "precision_at_1": 0.02075,
        "precision_at_10": 0.00768,
        "precision_at_100": 0.00286,
        "precision_at_1000": 0.00068,
        "precision_at_20": 0.00591,
        "precision_at_3": 0.00899,
        "precision_at_5": 0.00871,
        "recall_at_1": 0.01262,
        "recall_at_10": 0.04793,
        "recall_at_100": 0.15025,
        "recall_at_1000": 0.35662,
        "recall_at_20": 0.0684,
        "recall_at_3": 0.01729,
        "recall_at_5": 0.02835
      }
    ]
  },
  "task_name": "MIRACLRetrieval"
}