{
  "dataset_revision": "main",
  "evaluation_time": 74.75988507270813,
  "kg_co2_emissions": null,
  "mteb_version": "1.12.68",
  "scores": {
    "dev": [
      {
        "hf_subset": "sw",
        "languages": [
          "swa-Latn"
        ],
        "main_score": 0.14465,
        "map_at_1": 0.06003,
        "map_at_10": 0.10703,
        "map_at_100": 0.11656,
        "map_at_1000": 0.11789,
        "map_at_20": 0.11184,
        "map_at_3": 0.08728,
        "map_at_5": 0.09709,
        "mrr_at_1": 0.0954356846473029,
        "mrr_at_10": 0.14575594414806042,
        "mrr_at_100": 0.1550200107704707,
        "mrr_at_1000": 0.15582164686705421,
        "mrr_at_20": 0.15081552010273938,
        "mrr_at_3": 0.12378976486860306,
        "mrr_at_5": 0.1349930843706778,
        "nauc_map_at_1000_diff1": 0.18270848795850192,
        "nauc_map_at_1000_max": 0.07003534810910188,
        "nauc_map_at_1000_std": -0.03643823058756197,
        "nauc_map_at_100_diff1": 0.182633108262704,
        "nauc_map_at_100_max": 0.06790119147301257,
        "nauc_map_at_100_std": -0.03825004229397161,
        "nauc_map_at_10_diff1": 0.19166975281981288,
        "nauc_map_at_10_max": 0.058456648089702704,
        "nauc_map_at_10_std": -0.05628597716587942,
        "nauc_map_at_1_diff1": 0.2048369334883561,
        "nauc_map_at_1_max": 0.06003133118187864,
        "nauc_map_at_1_std": -0.06135114832591983,
        "nauc_map_at_20_diff1": 0.1838600769014753,
        "nauc_map_at_20_max": 0.06231865485899009,
        "nauc_map_at_20_std": -0.04740662588022282,
        "nauc_map_at_3_diff1": 0.20553587446476365,
        "nauc_map_at_3_max": 0.0622632339077052,
        "nauc_map_at_3_std": -0.056926062283210815,
        "nauc_map_at_5_diff1": 0.19149669146652246,
        "nauc_map_at_5_max": 0.05714594832291771,
        "nauc_map_at_5_std": -0.05387610869610877,
        "nauc_mrr_at_1000_diff1": 0.18045911659677197,
        "nauc_mrr_at_1000_max": 0.14635466307187556,
        "nauc_mrr_at_1000_std": -0.005506331548963976,
        "nauc_mrr_at_100_diff1": 0.18020879055520614,
        "nauc_mrr_at_100_max": 0.14599321667043688,
        "nauc_mrr_at_100_std": -0.006066274414700509,
        "nauc_mrr_at_10_diff1": 0.1840250411096033,
        "nauc_mrr_at_10_max": 0.14414826038767273,
        "nauc_mrr_at_10_std": -0.011243560432189562,
        "nauc_mrr_at_1_diff1": 0.21972297201831598,
        "nauc_mrr_at_1_max": 0.1876915593263577,
        "nauc_mrr_at_1_std": -0.01733407365743025,
        "nauc_mrr_at_20_diff1": 0.1794791738216875,
        "nauc_mrr_at_20_max": 0.14022563652011738,
        "nauc_mrr_at_20_std": -0.010552586570855687,
        "nauc_mrr_at_3_diff1": 0.20949423219784177,
        "nauc_mrr_at_3_max": 0.1612842691816376,
        "nauc_mrr_at_3_std": -0.009307247847906212,
        "nauc_mrr_at_5_diff1": 0.1914523718265736,
        "nauc_mrr_at_5_max": 0.1479656333165853,
        "nauc_mrr_at_5_std": -0.013808342177652371,
        "nauc_ndcg_at_1000_diff1": 0.14782052858420405,
        "nauc_ndcg_at_1000_max": 0.13265779134889305,
        "nauc_ndcg_at_1000_std": 0.037506598692934275,
        "nauc_ndcg_at_100_diff1": 0.153547939286201,
        "nauc_ndcg_at_100_max": 0.10041105188947955,
        "nauc_ndcg_at_100_std": 0.005113173515382935,
        "nauc_ndcg_at_10_diff1": 0.16769884147730935,
        "nauc_ndcg_at_10_max": 0.06317523964432017,
        "nauc_ndcg_at_10_std": -0.04977946638420096,
        "nauc_ndcg_at_1_diff1": 0.21972297201831598,
        "nauc_ndcg_at_1_max": 0.1876915593263577,
        "nauc_ndcg_at_1_std": -0.01733407365743025,
        "nauc_ndcg_at_20_diff1": 0.14759625248112537,
        "nauc_ndcg_at_20_max": 0.06688887100902803,
        "nauc_ndcg_at_20_std": -0.031063943206286186,
        "nauc_ndcg_at_3_diff1": 0.1992414520357192,
        "nauc_ndcg_at_3_max": 0.09501569432817601,
        "nauc_ndcg_at_3_std": -0.0385092327861732,
        "nauc_ndcg_at_5_diff1": 0.1745724210801704,
        "nauc_ndcg_at_5_max": 0.06362605481430861,
        "nauc_ndcg_at_5_std": -0.04721817648234796,
        "nauc_precision_at_1000_diff1": 0.017538715299875593,
        "nauc_precision_at_1000_max": 0.2679233870711549,
        "nauc_precision_at_1000_std": 0.2546916545111401,
        "nauc_precision_at_100_diff1": 0.05284082301021254,
        "nauc_precision_at_100_max": 0.2112182926595004,
        "nauc_precision_at_100_std": 0.1654574510024794,
        "nauc_precision_at_10_diff1": 0.11916292254451796,
        "nauc_precision_at_10_max": 0.1290355853138267,
        "nauc_precision_at_10_std": 0.01765523514329136,
        "nauc_precision_at_1_diff1": 0.21972297201831598,
        "nauc_precision_at_1_max": 0.1876915593263577,
        "nauc_precision_at_1_std": -0.01733407365743025,
        "nauc_precision_at_20_diff1": 0.060848619594294655,
        "nauc_precision_at_20_max": 0.12091616981581045,
        "nauc_precision_at_20_std": 0.066692856110144,
        "nauc_precision_at_3_diff1": 0.2003493522106562,
        "nauc_precision_at_3_max": 0.1565313967592954,
        "nauc_precision_at_3_std": 0.00400972714600993,
        "nauc_precision_at_5_diff1": 0.14376708886516112,
        "nauc_precision_at_5_max": 0.12176148214722973,
        "nauc_precision_at_5_std": 0.0066929336756475334,
        "nauc_recall_at_1000_diff1": 0.05538363658144689,
        "nauc_recall_at_1000_max": 0.2602128048285259,
        "nauc_recall_at_1000_std": 0.22193972363837275,
        "nauc_recall_at_100_diff1": 0.11011750616413522,
        "nauc_recall_at_100_max": 0.10514984204743058,
        "nauc_recall_at_100_std": 0.059102425905393365,
        "nauc_recall_at_10_diff1": 0.11944425968887154,
        "nauc_recall_at_10_max": 0.0027143726486556115,
        "nauc_recall_at_10_std": -0.0729212654976973,
        "nauc_recall_at_1_diff1": 0.2048369334883561,
        "nauc_recall_at_1_max": 0.06003133118187864,
        "nauc_recall_at_1_std": -0.06135114832591983,
        "nauc_recall_at_20_diff1": 0.0741835952515384,
        "nauc_recall_at_20_max": 0.01574975470000107,
        "nauc_recall_at_20_std": -0.030440467165741242,
        "nauc_recall_at_3_diff1": 0.1748119343660771,
        "nauc_recall_at_3_max": 0.031831973271446726,
        "nauc_recall_at_3_std": -0.07139972642962795,
        "nauc_recall_at_5_diff1": 0.13322849929737404,
        "nauc_recall_at_5_max": 0.0025078892702285254,
        "nauc_recall_at_5_std": -0.07037390838137694,
        "ndcg_at_1": 0.09544,
        "ndcg_at_10": 0.14465,
        "ndcg_at_100": 0.19401,
        "ndcg_at_1000": 0.22788,
        "ndcg_at_20": 0.1618,
        "ndcg_at_3": 0.10656,
        "ndcg_at_5": 0.12162,
        "precision_at_1": 0.09544,
        "precision_at_10": 0.03568,
        "precision_at_100": 0.00761,
        "precision_at_1000": 0.00123,
        "precision_at_20": 0.02344,
        "precision_at_3": 0.06017,
        "precision_at_5": 0.04813,
        "recall_at_1": 0.06003,
        "recall_at_10": 0.22004,
        "recall_at_100": 0.42733,
        "recall_at_1000": 0.6607,
        "recall_at_20": 0.27814,
        "recall_at_3": 0.11682,
        "recall_at_5": 0.15721
      }
    ]
  },
  "task_name": "MIRACLRetrieval"
}