{
  "dataset_revision": "6d1962c527217f8927fca80f890f14f36b2802af",
  "evaluation_time": 270.91196060180664,
  "kg_co2_emissions": null,
  "mteb_version": "1.12.68",
  "scores": {
    "dev": [
      {
        "MAP@1(MIRACL)": 0.12708,
        "MAP@10(MIRACL)": 0.23742,
        "MAP@100(MIRACL)": 0.25863,
        "MAP@1000(MIRACL)": 0.25863,
        "MAP@20(MIRACL)": 0.24995,
        "MAP@3(MIRACL)": 0.19053,
        "MAP@5(MIRACL)": 0.21633,
        "NDCG@1(MIRACL)": 0.18295,
        "NDCG@10(MIRACL)": 0.30557,
        "NDCG@100(MIRACL)": 0.38682,
        "NDCG@1000(MIRACL)": 0.38682,
        "NDCG@20(MIRACL)": 0.34012,
        "NDCG@3(MIRACL)": 0.23055,
        "NDCG@5(MIRACL)": 0.26644,
        "P@1(MIRACL)": 0.18295,
        "P@10(MIRACL)": 0.07526,
        "P@100(MIRACL)": 0.01385,
        "P@1000(MIRACL)": 0.00138,
        "P@20(MIRACL)": 0.04865,
        "P@3(MIRACL)": 0.13098,
        "P@5(MIRACL)": 0.10977,
        "Recall@1(MIRACL)": 0.12708,
        "Recall@10(MIRACL)": 0.44608,
        "Recall@100(MIRACL)": 0.77963,
        "Recall@1000(MIRACL)": 0.77963,
        "Recall@20(MIRACL)": 0.55949,
        "Recall@3(MIRACL)": 0.25971,
        "Recall@5(MIRACL)": 0.34421,
        "hf_subset": "sw",
        "languages": [
          "swa-Latn"
        ],
        "main_score": 0.30557,
        "nAUC_MAP@1000_diff1(MIRACL)": 0.30156152935870445,
        "nAUC_MAP@1000_max(MIRACL)": 0.07407438638777383,
        "nAUC_MAP@1000_std(MIRACL)": 0.10125056495634242,
        "nAUC_MAP@100_diff1(MIRACL)": 0.30156152935870445,
        "nAUC_MAP@100_max(MIRACL)": 0.07407438638777383,
        "nAUC_MAP@100_std(MIRACL)": 0.10125056495634242,
        "nAUC_MAP@10_diff1(MIRACL)": 0.30533565526580914,
        "nAUC_MAP@10_max(MIRACL)": 0.04759188094355468,
        "nAUC_MAP@10_std(MIRACL)": 0.08013949922338073,
        "nAUC_MAP@1_diff1(MIRACL)": 0.38601586011535455,
        "nAUC_MAP@1_max(MIRACL)": 0.059183472108530234,
        "nAUC_MAP@1_std(MIRACL)": 0.04850581115397981,
        "nAUC_MAP@20_diff1(MIRACL)": 0.300912745068573,
        "nAUC_MAP@20_max(MIRACL)": 0.0688792968043339,
        "nAUC_MAP@20_std(MIRACL)": 0.10035463973049173,
        "nAUC_MAP@3_diff1(MIRACL)": 0.3244364731884025,
        "nAUC_MAP@3_max(MIRACL)": 0.012532858400963026,
        "nAUC_MAP@3_std(MIRACL)": 0.044426966324513734,
        "nAUC_MAP@5_diff1(MIRACL)": 0.3242000192691928,
        "nAUC_MAP@5_max(MIRACL)": 0.025621925231328675,
        "nAUC_MAP@5_std(MIRACL)": 0.05672137797494675,
        "nAUC_NDCG@1000_diff1(MIRACL)": 0.2500547918591051,
        "nAUC_NDCG@1000_max(MIRACL)": 0.14288082566609778,
        "nAUC_NDCG@1000_std(MIRACL)": 0.15472391649939937,
        "nAUC_NDCG@100_diff1(MIRACL)": 0.2500547918591051,
        "nAUC_NDCG@100_max(MIRACL)": 0.14288082566609778,
        "nAUC_NDCG@100_std(MIRACL)": 0.15472391649939937,
        "nAUC_NDCG@10_diff1(MIRACL)": 0.26069824731123126,
        "nAUC_NDCG@10_max(MIRACL)": 0.06687521115375596,
        "nAUC_NDCG@10_std(MIRACL)": 0.09389371190935009,
        "nAUC_NDCG@1_diff1(MIRACL)": 0.31310360593193903,
        "nAUC_NDCG@1_max(MIRACL)": 0.03570116296164406,
        "nAUC_NDCG@1_std(MIRACL)": 0.037366884324967875,
        "nAUC_NDCG@20_diff1(MIRACL)": 0.2506597005457091,
        "nAUC_NDCG@20_max(MIRACL)": 0.12788493190714748,
        "nAUC_NDCG@20_std(MIRACL)": 0.15091092262668024,
        "nAUC_NDCG@3_diff1(MIRACL)": 0.28850714712013303,
        "nAUC_NDCG@3_max(MIRACL)": -0.0022860731722497843,
        "nAUC_NDCG@3_std(MIRACL)": 0.037711752452190224,
        "nAUC_NDCG@5_diff1(MIRACL)": 0.29236770740958024,
        "nAUC_NDCG@5_max(MIRACL)": 0.02325797008008737,
        "nAUC_NDCG@5_std(MIRACL)": 0.057358271045776454,
        "nAUC_P@1000_diff1(MIRACL)": 0.017662056501574715,
        "nAUC_P@1000_max(MIRACL)": 0.23067655500598136,
        "nAUC_P@1000_std(MIRACL)": 0.1647652322763778,
        "nAUC_P@100_diff1(MIRACL)": 0.0176620565015748,
        "nAUC_P@100_max(MIRACL)": 0.23067655500598147,
        "nAUC_P@100_std(MIRACL)": 0.1647652322763779,
        "nAUC_P@10_diff1(MIRACL)": 0.10150268637197321,
        "nAUC_P@10_max(MIRACL)": 0.11606399974198307,
        "nAUC_P@10_std(MIRACL)": 0.1283280655375704,
        "nAUC_P@1_diff1(MIRACL)": 0.31310360593193903,
        "nAUC_P@1_max(MIRACL)": 0.03570116296164406,
        "nAUC_P@1_std(MIRACL)": 0.037366884324967875,
        "nAUC_P@20_diff1(MIRACL)": 0.05202266883581237,
        "nAUC_P@20_max(MIRACL)": 0.22784024442492984,
        "nAUC_P@20_std(MIRACL)": 0.21762383203451785,
        "nAUC_P@3_diff1(MIRACL)": 0.21537163048749292,
        "nAUC_P@3_max(MIRACL)": -0.025256860126075784,
        "nAUC_P@3_std(MIRACL)": 0.04272570855506831,
        "nAUC_P@5_diff1(MIRACL)": 0.18516507431361914,
        "nAUC_P@5_max(MIRACL)": 0.0381094336472248,
        "nAUC_P@5_std(MIRACL)": 0.08520737868094513,
        "nAUC_Recall@1000_diff1(MIRACL)": 0.11199681003318712,
        "nAUC_Recall@1000_max(MIRACL)": 0.4482797471410047,
        "nAUC_Recall@1000_std(MIRACL)": 0.4433062181888712,
        "nAUC_Recall@100_diff1(MIRACL)": 0.11199681003318712,
        "nAUC_Recall@100_max(MIRACL)": 0.4482797471410047,
        "nAUC_Recall@100_std(MIRACL)": 0.4433062181888712,
        "nAUC_Recall@10_diff1(MIRACL)": 0.18616888543711185,
        "nAUC_Recall@10_max(MIRACL)": 0.10122762021764568,
        "nAUC_Recall@10_std(MIRACL)": 0.13645341145802112,
        "nAUC_Recall@1_diff1(MIRACL)": 0.38601586011535455,
        "nAUC_Recall@1_max(MIRACL)": 0.059183472108530234,
        "nAUC_Recall@1_std(MIRACL)": 0.04850581115397981,
        "nAUC_Recall@20_diff1(MIRACL)": 0.15661099856993285,
        "nAUC_Recall@20_max(MIRACL)": 0.2814267026001657,
        "nAUC_Recall@20_std(MIRACL)": 0.31067739598428035,
        "nAUC_Recall@3_diff1(MIRACL)": 0.24695610417224498,
        "nAUC_Recall@3_max(MIRACL)": -0.03148754017647176,
        "nAUC_Recall@3_std(MIRACL)": 0.025707918820287258,
        "nAUC_Recall@5_diff1(MIRACL)": 0.24954453572837007,
        "nAUC_Recall@5_max(MIRACL)": 0.009930874083483842,
        "nAUC_Recall@5_std(MIRACL)": 0.05574820036691385
      }
    ]
  },
  "task_name": "MIRACLReranking"
}