{
  "dataset_revision": "main",
  "evaluation_time": 574.7751796245575,
  "kg_co2_emissions": null,
  "mteb_version": "1.12.68",
  "scores": {
    "dev": [
      {
        "hf_subset": "sw",
        "languages": [
          "swa-Latn"
        ],
        "main_score": 0.20229,
        "map_at_1": 0.08678,
        "map_at_10": 0.15381,
        "map_at_100": 0.16735,
        "map_at_1000": 0.16826,
        "map_at_20": 0.16189,
        "map_at_3": 0.13111,
        "map_at_5": 0.14188,
        "mrr_at_1": 0.13278008298755187,
        "mrr_at_10": 0.21285483764736868,
        "mrr_at_100": 0.22369350566597257,
        "mrr_at_1000": 0.22413073230289754,
        "mrr_at_20": 0.2202472897987426,
        "mrr_at_3": 0.19156293222683254,
        "mrr_at_5": 0.20515214384508987,
        "nauc_map_at_1000_diff1": 0.3972501407517659,
        "nauc_map_at_1000_max": 0.04165195066925414,
        "nauc_map_at_1000_std": 0.11063312614974825,
        "nauc_map_at_100_diff1": 0.3975154677826331,
        "nauc_map_at_100_max": 0.040725611422638926,
        "nauc_map_at_100_std": 0.10977546838480898,
        "nauc_map_at_10_diff1": 0.3972619828718898,
        "nauc_map_at_10_max": 0.01814150214683929,
        "nauc_map_at_10_std": 0.08470027612827125,
        "nauc_map_at_1_diff1": 0.45046133965598106,
        "nauc_map_at_1_max": 0.0525592973595681,
        "nauc_map_at_1_std": 0.01814965780396091,
        "nauc_map_at_20_diff1": 0.39964761880262134,
        "nauc_map_at_20_max": 0.034074948784635434,
        "nauc_map_at_20_std": 0.09981129866903082,
        "nauc_map_at_3_diff1": 0.41338767697956735,
        "nauc_map_at_3_max": -0.0073378344873479525,
        "nauc_map_at_3_std": 0.04815279831192676,
        "nauc_map_at_5_diff1": 0.40992745470768477,
        "nauc_map_at_5_max": 0.007602825852889302,
        "nauc_map_at_5_std": 0.06804526189405474,
        "nauc_mrr_at_1000_diff1": 0.34464887159849417,
        "nauc_mrr_at_1000_max": 0.05997758403435285,
        "nauc_mrr_at_1000_std": 0.10389484643978407,
        "nauc_mrr_at_100_diff1": 0.3445854306234259,
        "nauc_mrr_at_100_max": 0.05995825018500035,
        "nauc_mrr_at_100_std": 0.10421024437114708,
        "nauc_mrr_at_10_diff1": 0.33847077290062605,
        "nauc_mrr_at_10_max": 0.049567091182819004,
        "nauc_mrr_at_10_std": 0.09115814615983601,
        "nauc_mrr_at_1_diff1": 0.4004405118778417,
        "nauc_mrr_at_1_max": 0.0678999669756546,
        "nauc_mrr_at_1_std": 0.03725848214268797,
        "nauc_mrr_at_20_diff1": 0.344990996458448,
        "nauc_mrr_at_20_max": 0.05742737601098241,
        "nauc_mrr_at_20_std": 0.10019853462824493,
        "nauc_mrr_at_3_diff1": 0.34733188063839987,
        "nauc_mrr_at_3_max": 0.029374917027000458,
        "nauc_mrr_at_3_std": 0.06722603371493813,
        "nauc_mrr_at_5_diff1": 0.3455437501417582,
        "nauc_mrr_at_5_max": 0.04655094299643755,
        "nauc_mrr_at_5_std": 0.08442569626018244,
        "nauc_ndcg_at_1000_diff1": 0.35686897277625984,
        "nauc_ndcg_at_1000_max": 0.11389868521113096,
        "nauc_ndcg_at_1000_std": 0.21599801517171965,
        "nauc_ndcg_at_100_diff1": 0.3585221200033978,
        "nauc_ndcg_at_100_max": 0.10565335766654711,
        "nauc_ndcg_at_100_std": 0.2124778291387403,
        "nauc_ndcg_at_10_diff1": 0.3540244085832302,
        "nauc_ndcg_at_10_max": 0.03456010798119065,
        "nauc_ndcg_at_10_std": 0.11655552924485264,
        "nauc_ndcg_at_1_diff1": 0.4004405118778417,
        "nauc_ndcg_at_1_max": 0.0678999669756546,
        "nauc_ndcg_at_1_std": 0.03725848214268797,
        "nauc_ndcg_at_20_diff1": 0.36668896893658637,
        "nauc_ndcg_at_20_max": 0.07390825979786479,
        "nauc_ndcg_at_20_std": 0.15712695904389307,
        "nauc_ndcg_at_3_diff1": 0.3771606540023012,
        "nauc_ndcg_at_3_max": -0.010478907990287613,
        "nauc_ndcg_at_3_std": 0.06113355446888978,
        "nauc_ndcg_at_5_diff1": 0.3768581292639712,
        "nauc_ndcg_at_5_max": 0.017922773778097898,
        "nauc_ndcg_at_5_std": 0.0891153518351982,
        "nauc_precision_at_1000_diff1": 0.0968847702010789,
        "nauc_precision_at_1000_max": 0.2333492126164504,
        "nauc_precision_at_1000_std": 0.33923827933539386,
        "nauc_precision_at_100_diff1": 0.14885121330403334,
        "nauc_precision_at_100_max": 0.2242771845249579,
        "nauc_precision_at_100_std": 0.36563022611174384,
        "nauc_precision_at_10_diff1": 0.24314070616189576,
        "nauc_precision_at_10_max": 0.08279624228943454,
        "nauc_precision_at_10_std": 0.1870970617902953,
        "nauc_precision_at_1_diff1": 0.4004405118778417,
        "nauc_precision_at_1_max": 0.0678999669756546,
        "nauc_precision_at_1_std": 0.03725848214268797,
        "nauc_precision_at_20_diff1": 0.22869645618681023,
        "nauc_precision_at_20_max": 0.15754244773393017,
        "nauc_precision_at_20_std": 0.23916530022233,
        "nauc_precision_at_3_diff1": 0.3201636760721425,
        "nauc_precision_at_3_max": -0.01715817343396035,
        "nauc_precision_at_3_std": 0.09552127670600612,
        "nauc_precision_at_5_diff1": 0.31282649961653725,
        "nauc_precision_at_5_max": 0.051323028239203775,
        "nauc_precision_at_5_std": 0.15740420220698145,
        "nauc_recall_at_1000_diff1": 0.2792274266560511,
        "nauc_recall_at_1000_max": 0.3041269937938522,
        "nauc_recall_at_1000_std": 0.5188947815981296,
        "nauc_recall_at_100_diff1": 0.2847458345248837,
        "nauc_recall_at_100_max": 0.24393804829149696,
        "nauc_recall_at_100_std": 0.4633587426067997,
        "nauc_recall_at_10_diff1": 0.2773869778004365,
        "nauc_recall_at_10_max": 0.04026252837297051,
        "nauc_recall_at_10_std": 0.16603955960293662,
        "nauc_recall_at_1_diff1": 0.45046133965598106,
        "nauc_recall_at_1_max": 0.0525592973595681,
        "nauc_recall_at_1_std": 0.01814965780396091,
        "nauc_recall_at_20_diff1": 0.3096101307668944,
        "nauc_recall_at_20_max": 0.13762643973681293,
        "nauc_recall_at_20_std": 0.26833164651643077,
        "nauc_recall_at_3_diff1": 0.3433585625954445,
        "nauc_recall_at_3_max": -0.0357445051936069,
        "nauc_recall_at_3_std": 0.06586812681600719,
        "nauc_recall_at_5_diff1": 0.3297245478982924,
        "nauc_recall_at_5_max": 0.014652072357107858,
        "nauc_recall_at_5_std": 0.11023185415529758,
        "ndcg_at_1": 0.13278,
        "ndcg_at_10": 0.20229,
        "ndcg_at_100": 0.26273,
        "ndcg_at_1000": 0.28347,
        "ndcg_at_20": 0.22888,
        "ndcg_at_3": 0.16341,
        "ndcg_at_5": 0.17926,
        "precision_at_1": 0.13278,
        "precision_at_10": 0.04938,
        "precision_at_100": 0.00979,
        "precision_at_1000": 0.00126,
        "precision_at_20": 0.03299,
        "precision_at_3": 0.09544,
        "precision_at_5": 0.07427,
        "recall_at_1": 0.08678,
        "recall_at_10": 0.28619,
        "recall_at_100": 0.53069,
        "recall_at_1000": 0.67209,
        "recall_at_20": 0.37545,
        "recall_at_3": 0.18331,
        "recall_at_5": 0.22512
      }
    ]
  },
  "task_name": "MIRACLRetrieval"
}