{
  "dataset_revision": "6d1962c527217f8927fca80f890f14f36b2802af",
  "evaluation_time": 273.5757384300232,
  "kg_co2_emissions": null,
  "mteb_version": "1.12.68",
  "scores": {
    "dev": [
      {
        "MAP@1(MIRACL)": 0.11624,
        "MAP@10(MIRACL)": 0.21831,
        "MAP@100(MIRACL)": 0.24065,
        "MAP@1000(MIRACL)": 0.24065,
        "MAP@20(MIRACL)": 0.23083,
        "MAP@3(MIRACL)": 0.16922,
        "MAP@5(MIRACL)": 0.19122,
        "NDCG@1(MIRACL)": 0.15593,
        "NDCG@10(MIRACL)": 0.28926,
        "NDCG@100(MIRACL)": 0.37221,
        "NDCG@1000(MIRACL)": 0.37221,
        "NDCG@20(MIRACL)": 0.32687,
        "NDCG@3(MIRACL)": 0.20098,
        "NDCG@5(MIRACL)": 0.23415,
        "P@1(MIRACL)": 0.15593,
        "P@10(MIRACL)": 0.07464,
        "P@100(MIRACL)": 0.01385,
        "P@1000(MIRACL)": 0.00138,
        "P@20(MIRACL)": 0.04886,
        "P@3(MIRACL)": 0.11504,
        "P@5(MIRACL)": 0.09522,
        "Recall@1(MIRACL)": 0.11624,
        "Recall@10(MIRACL)": 0.45319,
        "Recall@100(MIRACL)": 0.77963,
        "Recall@1000(MIRACL)": 0.77963,
        "Recall@20(MIRACL)": 0.582,
        "Recall@3(MIRACL)": 0.2252,
        "Recall@5(MIRACL)": 0.3076,
        "hf_subset": "sw",
        "languages": [
          "swa-Latn"
        ],
        "main_score": 0.28926,
        "nAUC_MAP@1000_diff1(MIRACL)": 0.09182749218236301,
        "nAUC_MAP@1000_max(MIRACL)": -0.018448921174218792,
        "nAUC_MAP@1000_std(MIRACL)": 0.014185505277952322,
        "nAUC_MAP@100_diff1(MIRACL)": 0.09182749218236301,
        "nAUC_MAP@100_max(MIRACL)": -0.018448921174218792,
        "nAUC_MAP@100_std(MIRACL)": 0.014185505277952322,
        "nAUC_MAP@10_diff1(MIRACL)": 0.10082105948598721,
        "nAUC_MAP@10_max(MIRACL)": -0.028780758204392614,
        "nAUC_MAP@10_std(MIRACL)": -0.0021648091157606053,
        "nAUC_MAP@1_diff1(MIRACL)": 0.07765553663395114,
        "nAUC_MAP@1_max(MIRACL)": -0.10471328543459081,
        "nAUC_MAP@1_std(MIRACL)": -0.03746597720653689,
        "nAUC_MAP@20_diff1(MIRACL)": 0.09707841647079436,
        "nAUC_MAP@20_max(MIRACL)": -0.02052741652179275,
        "nAUC_MAP@20_std(MIRACL)": 0.015528491564737786,
        "nAUC_MAP@3_diff1(MIRACL)": 0.10926042704164804,
        "nAUC_MAP@3_max(MIRACL)": -0.04964993678484672,
        "nAUC_MAP@3_std(MIRACL)": -0.02550091024422924,
        "nAUC_MAP@5_diff1(MIRACL)": 0.10632683587779221,
        "nAUC_MAP@5_max(MIRACL)": -0.040899423748088345,
        "nAUC_MAP@5_std(MIRACL)": -0.013688063664722402,
        "nAUC_NDCG@1000_diff1(MIRACL)": 0.062011533780619264,
        "nAUC_NDCG@1000_max(MIRACL)": 0.02128582381903962,
        "nAUC_NDCG@1000_std(MIRACL)": 0.06984971073123221,
        "nAUC_NDCG@100_diff1(MIRACL)": 0.062011533780619264,
        "nAUC_NDCG@100_max(MIRACL)": 0.02128582381903962,
        "nAUC_NDCG@100_std(MIRACL)": 0.06984971073123221,
        "nAUC_NDCG@10_diff1(MIRACL)": 0.08950329277674902,
        "nAUC_NDCG@10_max(MIRACL)": -0.008739368843218425,
        "nAUC_NDCG@10_std(MIRACL)": 0.018225231595475726,
        "nAUC_NDCG@1_diff1(MIRACL)": 0.07412978033526414,
        "nAUC_NDCG@1_max(MIRACL)": -0.07832619551583318,
        "nAUC_NDCG@1_std(MIRACL)": -0.022257289487915683,
        "nAUC_NDCG@20_diff1(MIRACL)": 0.08028697231481141,
        "nAUC_NDCG@20_max(MIRACL)": 0.011897194202647222,
        "nAUC_NDCG@20_std(MIRACL)": 0.06997716745770373,
        "nAUC_NDCG@3_diff1(MIRACL)": 0.10400248446317548,
        "nAUC_NDCG@3_max(MIRACL)": -0.035473263822915484,
        "nAUC_NDCG@3_std(MIRACL)": -0.014879842266418081,
        "nAUC_NDCG@5_diff1(MIRACL)": 0.09872515593851114,
        "nAUC_NDCG@5_max(MIRACL)": -0.02493948079859224,
        "nAUC_NDCG@5_std(MIRACL)": 0.005944137430852469,
        "nAUC_P@1000_diff1(MIRACL)": -0.056305424453861025,
        "nAUC_P@1000_max(MIRACL)": 0.10143120876027484,
        "nAUC_P@1000_std(MIRACL)": 0.07117316938334925,
        "nAUC_P@100_diff1(MIRACL)": -0.056305424453860775,
        "nAUC_P@100_max(MIRACL)": 0.1014312087602747,
        "nAUC_P@100_std(MIRACL)": 0.07117316938334925,
        "nAUC_P@10_diff1(MIRACL)": 0.0457547219691044,
        "nAUC_P@10_max(MIRACL)": 0.07227691005429873,
        "nAUC_P@10_std(MIRACL)": 0.0547108134453812,
        "nAUC_P@1_diff1(MIRACL)": 0.07412978033526414,
        "nAUC_P@1_max(MIRACL)": -0.07832619551583318,
        "nAUC_P@1_std(MIRACL)": -0.022257289487915683,
        "nAUC_P@20_diff1(MIRACL)": 0.00761696179539406,
        "nAUC_P@20_max(MIRACL)": 0.10341842702609129,
        "nAUC_P@20_std(MIRACL)": 0.12432199204163288,
        "nAUC_P@3_diff1(MIRACL)": 0.08989270997007781,
        "nAUC_P@3_max(MIRACL)": 0.0032443392346442933,
        "nAUC_P@3_std(MIRACL)": -0.009351234493422438,
        "nAUC_P@5_diff1(MIRACL)": 0.07368878313479797,
        "nAUC_P@5_max(MIRACL)": 0.044426162408217604,
        "nAUC_P@5_std(MIRACL)": 0.04670081609470597,
        "nAUC_Recall@1000_diff1(MIRACL)": -0.04485597538638187,
        "nAUC_Recall@1000_max(MIRACL)": 0.15933835143331146,
        "nAUC_Recall@1000_std(MIRACL)": 0.3220033113938867,
        "nAUC_Recall@100_diff1(MIRACL)": -0.04485597538638187,
        "nAUC_Recall@100_max(MIRACL)": 0.15933835143331146,
        "nAUC_Recall@100_std(MIRACL)": 0.3220033113938867,
        "nAUC_Recall@10_diff1(MIRACL)": 0.07073068898584248,
        "nAUC_Recall@10_max(MIRACL)": 0.017772941418273694,
        "nAUC_Recall@10_std(MIRACL)": 0.05308982861913588,
        "nAUC_Recall@1_diff1(MIRACL)": 0.07765553663395114,
        "nAUC_Recall@1_max(MIRACL)": -0.10471328543459081,
        "nAUC_Recall@1_std(MIRACL)": -0.03746597720653689,
        "nAUC_Recall@20_diff1(MIRACL)": 0.04460318710924471,
        "nAUC_Recall@20_max(MIRACL)": 0.08024672162444024,
        "nAUC_Recall@20_std(MIRACL)": 0.2222607872411113,
        "nAUC_Recall@3_diff1(MIRACL)": 0.11473386728217291,
        "nAUC_Recall@3_max(MIRACL)": -0.022614914687359922,
        "nAUC_Recall@3_std(MIRACL)": -0.004764548737552328,
        "nAUC_Recall@5_diff1(MIRACL)": 0.09291396642960903,
        "nAUC_Recall@5_max(MIRACL)": -0.007400182885171883,
        "nAUC_Recall@5_std(MIRACL)": 0.02884693814148664
      }
    ]
  },
  "task_name": "MIRACLReranking"
}