{
  "dataset_revision": "main",
  "evaluation_time": 123.96834063529968,
  "kg_co2_emissions": null,
  "mteb_version": "1.12.68",
  "scores": {
    "dev": [
      {
        "hf_subset": "sw",
        "languages": [
          "swa-Latn"
        ],
        "main_score": 0.08103,
        "map_at_1": 0.03171,
        "map_at_10": 0.05716,
        "map_at_100": 0.06298,
        "map_at_1000": 0.06422,
        "map_at_20": 0.05935,
        "map_at_3": 0.04639,
        "map_at_5": 0.05173,
        "mrr_at_1": 0.05186721991701245,
        "mrr_at_10": 0.08859332806428244,
        "mrr_at_100": 0.09484201560738657,
        "mrr_at_1000": 0.09591120505997024,
        "mrr_at_20": 0.09111355439726332,
        "mrr_at_3": 0.07468879668049791,
        "mrr_at_5": 0.08226141078838177,
        "nauc_map_at_1000_diff1": 0.24010821954467368,
        "nauc_map_at_1000_max": 0.20092157955971257,
        "nauc_map_at_1000_std": 0.01570018473944043,
        "nauc_map_at_100_diff1": 0.24032287800377106,
        "nauc_map_at_100_max": 0.2018010420037526,
        "nauc_map_at_100_std": 0.014002202798746602,
        "nauc_map_at_10_diff1": 0.23904983243352348,
        "nauc_map_at_10_max": 0.19923603744646987,
        "nauc_map_at_10_std": 0.005981356164026767,
        "nauc_map_at_1_diff1": 0.34590518255454944,
        "nauc_map_at_1_max": 0.2739667996352807,
        "nauc_map_at_1_std": 0.04345902754888123,
        "nauc_map_at_20_diff1": 0.24697342601408495,
        "nauc_map_at_20_max": 0.20102941291012555,
        "nauc_map_at_20_std": 0.014239117144167274,
        "nauc_map_at_3_diff1": 0.276695318538125,
        "nauc_map_at_3_max": 0.22180043174483266,
        "nauc_map_at_3_std": 0.010673663027846112,
        "nauc_map_at_5_diff1": 0.2468274485420931,
        "nauc_map_at_5_max": 0.2231352383679576,
        "nauc_map_at_5_std": 0.004626982730813253,
        "nauc_mrr_at_1000_diff1": 0.31488886104032127,
        "nauc_mrr_at_1000_max": 0.1795593751593572,
        "nauc_mrr_at_1000_std": 0.06435181606240334,
        "nauc_mrr_at_100_diff1": 0.3154645422387796,
        "nauc_mrr_at_100_max": 0.1798101146398626,
        "nauc_mrr_at_100_std": 0.06409776975005997,
        "nauc_mrr_at_10_diff1": 0.3137713988500998,
        "nauc_mrr_at_10_max": 0.1731249638255127,
        "nauc_mrr_at_10_std": 0.06258060871584234,
        "nauc_mrr_at_1_diff1": 0.44528121667027676,
        "nauc_mrr_at_1_max": 0.25311526474405605,
        "nauc_mrr_at_1_std": 0.06979084609027074,
        "nauc_mrr_at_20_diff1": 0.32093447669778563,
        "nauc_mrr_at_20_max": 0.1747607883923343,
        "nauc_mrr_at_20_std": 0.06644903342109072,
        "nauc_mrr_at_3_diff1": 0.3592600668725604,
        "nauc_mrr_at_3_max": 0.1901904575215187,
        "nauc_mrr_at_3_std": 0.06808563709811347,
        "nauc_mrr_at_5_diff1": 0.32351063805432817,
        "nauc_mrr_at_5_max": 0.18709374974862023,
        "nauc_mrr_at_5_std": 0.06094107976819794,
        "nauc_ndcg_at_1000_diff1": 0.21325184542529974,
        "nauc_ndcg_at_1000_max": 0.1722749427394059,
        "nauc_ndcg_at_1000_std": 0.06642863995296937,
        "nauc_ndcg_at_100_diff1": 0.2133035950025549,
        "nauc_ndcg_at_100_max": 0.1811939840915818,
        "nauc_ndcg_at_100_std": 0.034694739131199,
        "nauc_ndcg_at_10_diff1": 0.21890911360878884,
        "nauc_ndcg_at_10_max": 0.15811790617542576,
        "nauc_ndcg_at_10_std": 0.014208183672454001,
        "nauc_ndcg_at_1_diff1": 0.44528121667027676,
        "nauc_ndcg_at_1_max": 0.25311526474405605,
        "nauc_ndcg_at_1_std": 0.06979084609027074,
        "nauc_ndcg_at_20_diff1": 0.24055917342561403,
        "nauc_ndcg_at_20_max": 0.16275818085432595,
        "nauc_ndcg_at_20_std": 0.03142128627177101,
        "nauc_ndcg_at_3_diff1": 0.29169669810007753,
        "nauc_ndcg_at_3_max": 0.19595637441314726,
        "nauc_ndcg_at_3_std": 0.03073130125686873,
        "nauc_ndcg_at_5_diff1": 0.2358767448170045,
        "nauc_ndcg_at_5_max": 0.19851097123149433,
        "nauc_ndcg_at_5_std": 0.012254415902130866,
        "nauc_precision_at_1000_diff1": 0.1394935643946441,
        "nauc_precision_at_1000_max": 0.13415250516957994,
        "nauc_precision_at_1000_std": 0.20534966794276993,
        "nauc_precision_at_100_diff1": 0.16319265051736115,
        "nauc_precision_at_100_max": 0.16454794843128295,
        "nauc_precision_at_100_std": 0.10542101412043545,
        "nauc_precision_at_10_diff1": 0.22977872727848211,
        "nauc_precision_at_10_max": 0.12527851493549402,
        "nauc_precision_at_10_std": 0.07248586575372565,
        "nauc_precision_at_1_diff1": 0.44528121667027676,
        "nauc_precision_at_1_max": 0.25311526474405605,
        "nauc_precision_at_1_std": 0.06979084609027074,
        "nauc_precision_at_20_diff1": 0.2720175676498968,
        "nauc_precision_at_20_max": 0.1319282645817837,
        "nauc_precision_at_20_std": 0.1069987564272387,
        "nauc_precision_at_3_diff1": 0.32095134623524496,
        "nauc_precision_at_3_max": 0.14931314181712638,
        "nauc_precision_at_3_std": 0.07215460819172903,
        "nauc_precision_at_5_diff1": 0.2445366293960834,
        "nauc_precision_at_5_max": 0.16178919504390113,
        "nauc_precision_at_5_std": 0.060269765846259565,
        "nauc_recall_at_1000_diff1": 0.11712699545279162,
        "nauc_recall_at_1000_max": 0.10527187788689159,
        "nauc_recall_at_1000_std": 0.12431771273052575,
        "nauc_recall_at_100_diff1": 0.12330858521127022,
        "nauc_recall_at_100_max": 0.15640050848188675,
        "nauc_recall_at_100_std": 0.031531323954957315,
        "nauc_recall_at_10_diff1": 0.12246164852674422,
        "nauc_recall_at_10_max": 0.08817306588910069,
        "nauc_recall_at_10_std": -0.0166124494126516,
        "nauc_recall_at_1_diff1": 0.34590518255454944,
        "nauc_recall_at_1_max": 0.2739667996352807,
        "nauc_recall_at_1_std": 0.04345902754888123,
        "nauc_recall_at_20_diff1": 0.17604659814933182,
        "nauc_recall_at_20_max": 0.10636819842202881,
        "nauc_recall_at_20_std": 0.02135129450992764,
        "nauc_recall_at_3_diff1": 0.22371027301319044,
        "nauc_recall_at_3_max": 0.17618844738418418,
        "nauc_recall_at_3_std": -0.006929794369676316,
        "nauc_recall_at_5_diff1": 0.14505375472140158,
        "nauc_recall_at_5_max": 0.17444402199217007,
        "nauc_recall_at_5_std": -0.026061136736247145,
        "ndcg_at_1": 0.05187,
        "ndcg_at_10": 0.08103,
        "ndcg_at_100": 0.1159,
        "ndcg_at_1000": 0.15016,
        "ndcg_at_20": 0.08954,
        "ndcg_at_3": 0.05929,
        "ndcg_at_5": 0.06822,
        "precision_at_1": 0.05187,
        "precision_at_10": 0.02012,
        "precision_at_100": 0.00479,
        "precision_at_1000": 0.00092,
        "precision_at_20": 0.01255,
        "precision_at_3": 0.03596,
        "precision_at_5": 0.02863,
        "recall_at_1": 0.03171,
        "recall_at_10": 0.12353,
        "recall_at_100": 0.27828,
        "recall_at_1000": 0.5179,
        "recall_at_20": 0.15462,
        "recall_at_3": 0.06541,
        "recall_at_5": 0.08844
      }
    ]
  },
  "task_name": "MIRACLRetrieval"
}