{
  "dataset_revision": "6d1962c527217f8927fca80f890f14f36b2802af",
  "evaluation_time": 54.92748284339905,
  "kg_co2_emissions": null,
  "mteb_version": "1.12.68",
  "scores": {
    "dev": [
      {
        "MAP@1(MIRACL)": 0.07032,
        "MAP@10(MIRACL)": 0.13807,
        "MAP@100(MIRACL)": 0.16233,
        "MAP@1000(MIRACL)": 0.16233,
        "MAP@20(MIRACL)": 0.14899,
        "MAP@3(MIRACL)": 0.10491,
        "MAP@5(MIRACL)": 0.12299,
        "NDCG@1(MIRACL)": 0.09979,
        "NDCG@10(MIRACL)": 0.19194,
        "NDCG@100(MIRACL)": 0.30226,
        "NDCG@1000(MIRACL)": 0.30226,
        "NDCG@20(MIRACL)": 0.22646,
        "NDCG@3(MIRACL)": 0.12874,
        "NDCG@5(MIRACL)": 0.15847,
        "P@1(MIRACL)": 0.09979,
        "P@10(MIRACL)": 0.04802,
        "P@100(MIRACL)": 0.01385,
        "P@1000(MIRACL)": 0.00138,
        "P@20(MIRACL)": 0.03514,
        "P@3(MIRACL)": 0.07415,
        "P@5(MIRACL)": 0.06694,
        "Recall@1(MIRACL)": 0.07032,
        "Recall@10(MIRACL)": 0.31213,
        "Recall@100(MIRACL)": 0.77963,
        "Recall@1000(MIRACL)": 0.77963,
        "Recall@20(MIRACL)": 0.42957,
        "Recall@3(MIRACL)": 0.14856,
        "Recall@5(MIRACL)": 0.2187,
        "hf_subset": "sw",
        "languages": [
          "swa-Latn"
        ],
        "main_score": 0.19194,
        "nAUC_MAP@1000_diff1(MIRACL)": 0.21967955709103276,
        "nAUC_MAP@1000_max(MIRACL)": 0.08167973864856583,
        "nAUC_MAP@1000_std(MIRACL)": 0.026075214539181487,
        "nAUC_MAP@100_diff1(MIRACL)": 0.21967955709103276,
        "nAUC_MAP@100_max(MIRACL)": 0.08167973864856583,
        "nAUC_MAP@100_std(MIRACL)": 0.026075214539181487,
        "nAUC_MAP@10_diff1(MIRACL)": 0.22274745173096652,
        "nAUC_MAP@10_max(MIRACL)": 0.07784965160402561,
        "nAUC_MAP@10_std(MIRACL)": 0.010453628687064953,
        "nAUC_MAP@1_diff1(MIRACL)": 0.27007018350733564,
        "nAUC_MAP@1_max(MIRACL)": 0.029566701116995827,
        "nAUC_MAP@1_std(MIRACL)": -0.01963322739692742,
        "nAUC_MAP@20_diff1(MIRACL)": 0.22239036645883273,
        "nAUC_MAP@20_max(MIRACL)": 0.07723173169235184,
        "nAUC_MAP@20_std(MIRACL)": 0.01652302314723546,
        "nAUC_MAP@3_diff1(MIRACL)": 0.23589249262389303,
        "nAUC_MAP@3_max(MIRACL)": 0.08294054039888504,
        "nAUC_MAP@3_std(MIRACL)": -0.005586914595138534,
        "nAUC_MAP@5_diff1(MIRACL)": 0.22219217182361367,
        "nAUC_MAP@5_max(MIRACL)": 0.0873603098888603,
        "nAUC_MAP@5_std(MIRACL)": 0.013690262119304727,
        "nAUC_NDCG@1000_diff1(MIRACL)": 0.18540494916612485,
        "nAUC_NDCG@1000_max(MIRACL)": 0.0990719797237132,
        "nAUC_NDCG@1000_std(MIRACL)": 0.08448981461418287,
        "nAUC_NDCG@100_diff1(MIRACL)": 0.18540494916612485,
        "nAUC_NDCG@100_max(MIRACL)": 0.0990719797237132,
        "nAUC_NDCG@100_std(MIRACL)": 0.08448981461418287,
        "nAUC_NDCG@10_diff1(MIRACL)": 0.20779254729568766,
        "nAUC_NDCG@10_max(MIRACL)": 0.07717622434161094,
        "nAUC_NDCG@10_std(MIRACL)": 0.028434979095983363,
        "nAUC_NDCG@1_diff1(MIRACL)": 0.2488184903187575,
        "nAUC_NDCG@1_max(MIRACL)": 0.02267857215813887,
        "nAUC_NDCG@1_std(MIRACL)": 0.006565639374555122,
        "nAUC_NDCG@20_diff1(MIRACL)": 0.2025361360954508,
        "nAUC_NDCG@20_max(MIRACL)": 0.07710849987968521,
        "nAUC_NDCG@20_std(MIRACL)": 0.048166975369843504,
        "nAUC_NDCG@3_diff1(MIRACL)": 0.22486635085309756,
        "nAUC_NDCG@3_max(MIRACL)": 0.08915469456586889,
        "nAUC_NDCG@3_std(MIRACL)": -0.004830852975243998,
        "nAUC_NDCG@5_diff1(MIRACL)": 0.20545394327037864,
        "nAUC_NDCG@5_max(MIRACL)": 0.09511669411441792,
        "nAUC_NDCG@5_std(MIRACL)": 0.028760935880327937,
        "nAUC_P@1000_diff1(MIRACL)": 0.04661873682722578,
        "nAUC_P@1000_max(MIRACL)": 0.10508888192387553,
        "nAUC_P@1000_std(MIRACL)": 0.12967385905227882,
        "nAUC_P@100_diff1(MIRACL)": 0.046618736827226254,
        "nAUC_P@100_max(MIRACL)": 0.1050888819238759,
        "nAUC_P@100_std(MIRACL)": 0.12967385905227907,
        "nAUC_P@10_diff1(MIRACL)": 0.1694641550324369,
        "nAUC_P@10_max(MIRACL)": 0.07328039975804856,
        "nAUC_P@10_std(MIRACL)": 0.03393458176744866,
        "nAUC_P@1_diff1(MIRACL)": 0.2488184903187575,
        "nAUC_P@1_max(MIRACL)": 0.02267857215813887,
        "nAUC_P@1_std(MIRACL)": 0.006565639374555122,
        "nAUC_P@20_diff1(MIRACL)": 0.13669781843185266,
        "nAUC_P@20_max(MIRACL)": 0.0824665427150383,
        "nAUC_P@20_std(MIRACL)": 0.08470255376200395,
        "nAUC_P@3_diff1(MIRACL)": 0.21072506907616345,
        "nAUC_P@3_max(MIRACL)": 0.08965229999340621,
        "nAUC_P@3_std(MIRACL)": -0.005099769854005637,
        "nAUC_P@5_diff1(MIRACL)": 0.17569054145853522,
        "nAUC_P@5_max(MIRACL)": 0.11648771508800244,
        "nAUC_P@5_std(MIRACL)": 0.050486652699373157,
        "nAUC_Recall@1000_diff1(MIRACL)": 0.061778668194804404,
        "nAUC_Recall@1000_max(MIRACL)": 0.1376657002997631,
        "nAUC_Recall@1000_std(MIRACL)": 0.25964675337093873,
        "nAUC_Recall@100_diff1(MIRACL)": 0.061778668194804404,
        "nAUC_Recall@100_max(MIRACL)": 0.1376657002997631,
        "nAUC_Recall@100_std(MIRACL)": 0.25964675337093873,
        "nAUC_Recall@10_diff1(MIRACL)": 0.156757187692913,
        "nAUC_Recall@10_max(MIRACL)": 0.0606263512217976,
        "nAUC_Recall@10_std(MIRACL)": 0.05151403318876762,
        "nAUC_Recall@1_diff1(MIRACL)": 0.27007018350733564,
        "nAUC_Recall@1_max(MIRACL)": 0.029566701116995827,
        "nAUC_Recall@1_std(MIRACL)": -0.01963322739692742,
        "nAUC_Recall@20_diff1(MIRACL)": 0.1420920066290519,
        "nAUC_Recall@20_max(MIRACL)": 0.05082040186345635,
        "nAUC_Recall@20_std(MIRACL)": 0.09256805357884594,
        "nAUC_Recall@3_diff1(MIRACL)": 0.19913085791726312,
        "nAUC_Recall@3_max(MIRACL)": 0.11257195704832573,
        "nAUC_Recall@3_std(MIRACL)": 0.00046824073748501287,
        "nAUC_Recall@5_diff1(MIRACL)": 0.15888744212790712,
        "nAUC_Recall@5_max(MIRACL)": 0.1014761070921279,
        "nAUC_Recall@5_std(MIRACL)": 0.050069952418518034
      }
    ]
  },
  "task_name": "MIRACLReranking"
}