{
  "dataset_revision": "main",
  "evaluation_time": 580.1607391834259,
  "kg_co2_emissions": null,
  "mteb_version": "1.12.68",
  "scores": {
    "dev": [
      {
        "hf_subset": "sw",
        "languages": [
          "swa-Latn"
        ],
        "main_score": 0.11176,
        "map_at_1": 0.04872,
        "map_at_10": 0.08219,
        "map_at_100": 0.09184,
        "map_at_1000": 0.09327,
        "map_at_20": 0.08724,
        "map_at_3": 0.06703,
        "map_at_5": 0.07564,
        "mrr_at_1": 0.07261410788381743,
        "mrr_at_10": 0.11638757162616092,
        "mrr_at_100": 0.12598399732193205,
        "mrr_at_1000": 0.12700551589438705,
        "mrr_at_20": 0.12219923695690643,
        "mrr_at_3": 0.10027662517289077,
        "mrr_at_5": 0.10847164591977876,
        "nauc_map_at_1000_diff1": 0.15927648651748177,
        "nauc_map_at_1000_max": -0.16663180806951286,
        "nauc_map_at_1000_std": -0.04080282784508518,
        "nauc_map_at_100_diff1": 0.15830902156683307,
        "nauc_map_at_100_max": -0.16773335911222148,
        "nauc_map_at_100_std": -0.04214474358366573,
        "nauc_map_at_10_diff1": 0.1512018310023516,
        "nauc_map_at_10_max": -0.18413057752687803,
        "nauc_map_at_10_std": -0.04811514439249369,
        "nauc_map_at_1_diff1": 0.1840647792823193,
        "nauc_map_at_1_max": -0.15053494674370138,
        "nauc_map_at_1_std": -0.01509730688444511,
        "nauc_map_at_20_diff1": 0.15759634775087494,
        "nauc_map_at_20_max": -0.17020365279991212,
        "nauc_map_at_20_std": -0.0440870197058281,
        "nauc_map_at_3_diff1": 0.14994878550559984,
        "nauc_map_at_3_max": -0.18394710190154046,
        "nauc_map_at_3_std": -0.043734429134667734,
        "nauc_map_at_5_diff1": 0.15654381732422137,
        "nauc_map_at_5_max": -0.18604777563514427,
        "nauc_map_at_5_std": -0.05899837352698303,
        "nauc_mrr_at_1000_diff1": 0.21524556726896393,
        "nauc_mrr_at_1000_max": -0.06677617320504083,
        "nauc_mrr_at_1000_std": 0.01684401685640741,
        "nauc_mrr_at_100_diff1": 0.2149909593911037,
        "nauc_mrr_at_100_max": -0.06677778517928272,
        "nauc_mrr_at_100_std": 0.016578171304023354,
        "nauc_mrr_at_10_diff1": 0.20664645963971137,
        "nauc_mrr_at_10_max": -0.07677835022766298,
        "nauc_mrr_at_10_std": 0.012915390276009568,
        "nauc_mrr_at_1_diff1": 0.2658701588988966,
        "nauc_mrr_at_1_max": 0.008465973892594396,
        "nauc_mrr_at_1_std": 0.0727546531142497,
        "nauc_mrr_at_20_diff1": 0.21643634531329897,
        "nauc_mrr_at_20_max": -0.06560376555370476,
        "nauc_mrr_at_20_std": 0.015668859084666597,
        "nauc_mrr_at_3_diff1": 0.2198746139289139,
        "nauc_mrr_at_3_max": -0.06201527501988193,
        "nauc_mrr_at_3_std": 0.02267399097810819,
        "nauc_mrr_at_5_diff1": 0.2132190953182653,
        "nauc_mrr_at_5_max": -0.07743747416345827,
        "nauc_mrr_at_5_std": 0.00732394899714017,
        "nauc_ndcg_at_1000_diff1": 0.1862737953767624,
        "nauc_ndcg_at_1000_max": -0.12059960584326475,
        "nauc_ndcg_at_1000_std": -0.011424125089127605,
        "nauc_ndcg_at_100_diff1": 0.17466271732224636,
        "nauc_ndcg_at_100_max": -0.1289974098684779,
        "nauc_ndcg_at_100_std": -0.02476248745623489,
        "nauc_ndcg_at_10_diff1": 0.153136741155623,
        "nauc_ndcg_at_10_max": -0.17089219342120573,
        "nauc_ndcg_at_10_std": -0.037806469167479324,
        "nauc_ndcg_at_1_diff1": 0.2658701588988966,
        "nauc_ndcg_at_1_max": 0.008465973892594396,
        "nauc_ndcg_at_1_std": 0.0727546531142497,
        "nauc_ndcg_at_20_diff1": 0.17999201497098166,
        "nauc_ndcg_at_20_max": -0.12914165493952703,
        "nauc_ndcg_at_20_std": -0.025308100464310746,
        "nauc_ndcg_at_3_diff1": 0.15888374664836893,
        "nauc_ndcg_at_3_max": -0.15641306436488103,
        "nauc_ndcg_at_3_std": -0.030294730829151628,
        "nauc_ndcg_at_5_diff1": 0.16107168558314464,
        "nauc_ndcg_at_5_max": -0.17598824568039828,
        "nauc_ndcg_at_5_std": -0.05811050259987505,
        "nauc_precision_at_1000_diff1": 0.14668146888378916,
        "nauc_precision_at_1000_max": 0.022476891452166303,
        "nauc_precision_at_1000_std": 0.04493525144261551,
        "nauc_precision_at_100_diff1": 0.14074735632215826,
        "nauc_precision_at_100_max": -0.024177660206052512,
        "nauc_precision_at_100_std": 0.009664372048451442,
        "nauc_precision_at_10_diff1": 0.12963637098839353,
        "nauc_precision_at_10_max": -0.11860748880399502,
        "nauc_precision_at_10_std": -0.013105301411178301,
        "nauc_precision_at_1_diff1": 0.2658701588988966,
        "nauc_precision_at_1_max": 0.008465973892594396,
        "nauc_precision_at_1_std": 0.0727546531142497,
        "nauc_precision_at_20_diff1": 0.17288690972192555,
        "nauc_precision_at_20_max": -0.04092459069565412,
        "nauc_precision_at_20_std": 0.0038128876657397156,
        "nauc_precision_at_3_diff1": 0.16403476734254357,
        "nauc_precision_at_3_max": -0.12157733633556142,
        "nauc_precision_at_3_std": -0.01914511558979194,
        "nauc_precision_at_5_diff1": 0.14618711226661638,
        "nauc_precision_at_5_max": -0.1486126603412296,
        "nauc_precision_at_5_std": -0.060903592420747076,
        "nauc_recall_at_1000_diff1": 0.19874300275641762,
        "nauc_recall_at_1000_max": -0.09017324771558484,
        "nauc_recall_at_1000_std": 0.009376019744895657,
        "nauc_recall_at_100_diff1": 0.16108902207700707,
        "nauc_recall_at_100_max": -0.1095003359553692,
        "nauc_recall_at_100_std": -0.032570167115429295,
        "nauc_recall_at_10_diff1": 0.12301647845564417,
        "nauc_recall_at_10_max": -0.20743467518245012,
        "nauc_recall_at_10_std": -0.056221777011145,
        "nauc_recall_at_1_diff1": 0.1840647792823193,
        "nauc_recall_at_1_max": -0.15053494674370138,
        "nauc_recall_at_1_std": -0.01509730688444511,
        "nauc_recall_at_20_diff1": 0.19016577493632247,
        "nauc_recall_at_20_max": -0.09742888616587864,
        "nauc_recall_at_20_std": -0.023225354819302563,
        "nauc_recall_at_3_diff1": 0.11575940539780064,
        "nauc_recall_at_3_max": -0.21315974750282346,
        "nauc_recall_at_3_std": -0.056598201440920995,
        "nauc_recall_at_5_diff1": 0.1299353287148848,
        "nauc_recall_at_5_max": -0.21842800300264398,
        "nauc_recall_at_5_std": -0.09794205693195632,
        "ndcg_at_1": 0.07261,
        "ndcg_at_10": 0.11176,
        "ndcg_at_100": 0.16087,
        "ndcg_at_1000": 0.19664,
        "ndcg_at_20": 0.13003,
        "ndcg_at_3": 0.08299,
        "ndcg_at_5": 0.09593,
        "precision_at_1": 0.07261,
        "precision_at_10": 0.02676,
        "precision_at_100": 0.00666,
        "precision_at_1000": 0.00115,
        "precision_at_20": 0.01898,
        "precision_at_3": 0.04703,
        "precision_at_5": 0.03776,
        "recall_at_1": 0.04872,
        "recall_at_10": 0.16708,
        "recall_at_100": 0.37167,
        "recall_at_1000": 0.61554,
        "recall_at_20": 0.23067,
        "recall_at_3": 0.09165,
        "recall_at_5": 0.12509
      }
    ]
  },
  "task_name": "MIRACLRetrieval"
}